,Mun,CodIBGE,Populacao,Delitos Relacionados à Armas e Munições,Delitos relacionados à Corrupção,Estelionato,Extorsão,Extorsão Mediante Sequestro,Furto,Furto de Veículos,Homicídio Doloso,Latrocínio,Posse de Entorpecentes,Roubo,Roubo de Veículos,Tráfico de Entorpecentes
1,Aceguá,4300034,4595,2,0,1,0,0,60,3,,0,0,1,0,0
2,Água Santa,4300059,3939,2,0,6,0,0,41,7,,0,0,2,2,0
3,Agudo,4300109,16730,4,0,12,0,0,172,3,,0,7,5,1,2
4,Ajuricaba,4300208,7461,7,0,4,0,0,58,7,,0,3,3,1,0
5,Alecrim,4300307,6610,5,0,1,0,0,95,3,,0,4,1,0,1
6,Alegrete,4300406,76860,52,1,61,3,0,821,18,,1,147,155,4,32
7,Alegria,4300455,4116,13,0,1,0,0,43,0,,0,0,0,0,0
8,Almirante Tamandaré do Sul,4300471,2083,1,0,1,0,0,8,1,,0,0,2,1,1
9,Alpestre,4300505,7515,9,0,0,0,0,50,2,,0,1,12,0,0
10,Alto Alegre,4300554,1809,2,0,0,0,0,17,0,,0,1,0,0,0
11,Alto Feliz,4300570,3078,0,0,2,0,0,7,0,,0,1,1,0,0
12,Alvorada,4300604,211082,105,3,203,5,0,1782,557,,4,101,3947,652,177
13,Amaral Ferrador,4300638,6344,3,0,4,0,0,40,2,,0,0,4,0,0
14,Ametista do Sul,4300646,7346,3,0,4,0,0,119,9,,0,1,2,0,0
15,André da Rocha,4300661,1214,4,0,0,0,0,21,1,,0,0,2,0,0
16,Anta Gorda,4300703,6548,4,0,5,0,0,42,5,,0,0,2,0,0
17,Antônio Prado,4300802,13025,3,0,15,0,0,139,9,,0,15,14,1,7
18,Arambaré,4300851,3891,3,0,0,0,0,167,2,,0,7,2,0,1
19,Araricá,4300877,5770,7,0,7,1,0,67,1,,1,7,15,8,3
20,Aratiba,4300901,6618,5,1,3,0,0,31,1,,0,3,0,0,0
21,Arroio do Meio,4301008,20880,6,0,37,2,0,217,22,,0,30,34,6,11
22,Arroio do Padre,4301073,2674,1,0,0,0,0,8,0,,0,0,0,0,0
23,Arroio do Sal,4301057,9479,8,0,13,0,0,467,21,,0,19,32,1,16
24,Arroio do Tigre,4301206,12843,13,0,11,1,0,171,10,,0,1,11,1,3
25,Arroio dos Ratos,4301107,14198,10,1,12,0,0,138,18,,0,7,28,5,14
26,Arroio Grande,4301305,18439,10,0,16,0,0,321,8,,1,36,12,0,25
27,Arvorezinha,4301404,10231,7,4,0,1,0,134,5,,0,5,7,0,2
28,Augusto Pestana,4301503,7351,1,0,8,0,0,70,1,,0,4,3,0,0
29,Áurea,4301552,3629,3,0,2,0,0,28,0,,0,1,0,0,1
30,Bagé,4301602,122695,61,2,66,1,0,1783,146,,2,138,380,5,104
31,Balneário Pinhal,4301636,12405,25,0,18,1,0,510,20,,1,20,87,15,30
32,Barão,4301651,6395,2,0,4,0,0,41,2,,0,1,7,5,0
33,Barão de Cotegipe,4301701,6955,7,1,4,1,0,70,1,,0,4,6,2,1
34,Barão do Triunfo,4301750,6713,10,0,1,0,0,46,6,,0,0,5,3,0
35,Barra do Guarita,4301859,3237,3,0,0,0,0,25,1,,0,0,2,1,0
36,Barra do Quaraí,4301875,3808,2,0,3,0,0,90,4,,0,1,5,1,2
37,Barra do Ribeiro,4301909,13179,6,0,22,1,0,202,7,,1,7,63,5,10
38,Barra do Rio Azul,4301925,1750,0,0,0,0,0,8,0,,0,0,0,0,0
39,Barra Funda,4301958,2677,0,0,0,0,0,10,0,,0,0,3,0,0
40,Barracão,4301800,5124,8,0,4,0,0,59,3,,0,2,6,0,1
41,Barros Cassal,4302006,10681,7,0,11,1,0,77,3,,0,1,7,1,8
42,Benjamin Constant do Sul,4302055,2359,1,0,0,0,0,12,0,,0,0,2,1,0
43,Bento Gonçalves,4302105,117984,69,14,230,6,0,1810,393,,1,91,639,95,83
44,Boa Vista das Missões,4302154,2157,0,0,0,0,0,11,1,,0,0,7,1,1
45,Boa Vista do Buricá,4302204,6850,1,0,0,0,0,27,1,,0,1,0,0,0
46,Boa Vista do Cadeado,4302220,2451,0,0,1,0,0,40,0,,0,0,1,0,0
47,Boa Vista do Incra,4302238,2317,2,0,2,0,0,30,0,,0,1,1,0,0
48,Boa Vista do Sul,4302253,3045,0,0,0,0,0,22,2,,1,0,4,5,0
49,Bom Jesus,4302303,11430,9,0,8,0,0,135,7,,0,14,21,2,16
50,Bom Princípio,4302352,13268,2,0,15,0,0,132,9,,0,16,14,6,3
51,Bom Progresso,4302378,2333,3,0,0,0,0,15,1,,0,0,1,0,0
52,Bom Retiro do Sul,4302402,12548,6,0,2,0,0,144,2,,0,33,45,9,7
53,Boqueirão do Leão,4302451,7443,3,0,1,0,0,68,5,,0,0,3,0,0
54,Bossoroca,4302501,6333,6,0,2,0,0,66,3,,0,0,0,0,1
55,Bozano,4302584,2241,0,0,0,0,0,29,1,,0,1,0,0,0
56,Braga,4302600,3597,7,0,0,0,0,45,2,,0,0,1,0,1
57,Brochier,4302659,4915,0,0,3,0,0,17,2,,0,0,4,0,0
58,Butiá,4302709,21558,11,1,10,2,0,305,15,,0,65,58,1,21
59,Caçapava do Sul,4302808,34810,28,0,37,2,0,514,25,,1,42,40,1,15
60,Cacequi,4302907,13023,25,0,6,0,0,268,4,,0,22,10,0,13
61,Cachoeira do Sul,4303004,86569,36,5,27,1,0,1005,165,,0,158,152,8,120
62,Cachoeirinha,4303103,130255,71,4,259,8,0,1737,280,,2,200,2003,478,117
63,Cacique Doble,4303202,5181,1,0,2,0,0,28,1,,0,2,1,0,0
64,Caibaté,4303301,5002,8,0,6,0,0,38,2,,0,2,0,0,4
65,Caiçara,4303400,4629,6,0,0,0,0,53,0,,0,0,4,0,0
66,Camaquã,4303509,66297,45,36,89,4,0,1034,122,,1,44,218,5,47
67,Camargo,4303558,2704,5,0,0,0,0,12,2,,0,3,1,0,0
68,Cambará do Sul,4303608,6595,11,1,4,0,0,80,3,,0,2,5,0,10
69,Campestre da Serra,4303673,3307,3,1,1,0,1,35,1,,1,0,2,0,0
70,Campina das Missões,4303707,6263,1,0,0,0,0,42,3,,1,0,2,0,0
71,Campinas do Sul,4303806,5754,13,0,3,0,0,79,1,,0,4,12,1,0
72,Campo Bom,4303905,64320,23,0,64,5,0,801,283,,0,157,563,148,30
73,Campo Novo,4304002,5278,4,1,1,0,0,74,9,,0,5,6,2,2
74,Campos Borges,4304101,3800,6,0,2,0,0,58,10,,0,3,5,2,0
75,Candelária,4304200,31135,34,4,24,0,0,488,24,,1,17,49,4,8
76,Cândido Godói,4304309,6721,2,0,3,0,0,22,2,,0,1,2,0,0
77,Candiota,4304358,9277,6,0,6,0,0,217,13,,0,4,3,0,3
78,Canela,4304408,43803,22,1,62,2,0,962,50,,0,54,93,7,49
79,Canguçu,4304507,54348,45,0,16,3,0,474,27,,0,4,36,4,25
80,Canoas,4304606,352097,227,4,350,8,0,4763,951,,5,254,4008,1121,342
81,Canudos do Vale,4304614,1658,1,0,0,0,0,4,0,,0,0,2,0,0
82,Capão Bonito do Sul,4304622,2166,7,0,0,0,0,51,0,,0,1,1,0,0
83,Capão da Canoa,4304630,49848,37,1,162,2,0,1253,147,,2,92,294,20,84
84,Capão do Cipó,4304655,3188,5,0,2,0,0,27,2,,0,0,1,2,0
85,Capão do Leão,4304663,25501,14,1,15,0,0,179,14,,0,3,42,6,18
86,Capela de Santana,4304689,11918,4,0,8,2,0,152,5,,0,18,17,8,7
87,Capitão,4304697,3183,1,1,2,0,0,21,2,,0,0,0,0,0
88,Capivari do Sul,4304671,4214,5,0,0,1,0,46,3,,0,2,10,8,4
89,Caraá,4304713,7591,3,0,0,0,0,40,3,,0,2,5,0,0
90,Carazinho,4304705,63009,62,2,89,2,0,987,87,,0,41,229,35,26
91,Carlos Barbosa,4304804,28744,8,0,23,0,0,337,25,,0,28,63,15,5
92,Carlos Gomes,4304853,1488,7,0,1,0,0,12,0,,0,0,0,0,0
93,Casca,4304903,8896,3,0,23,0,0,111,16,,0,5,16,11,4
94,Caseiros,4304952,3154,6,0,1,0,0,52,3,,0,1,3,2,2
95,Catuípe,4305009,9193,4,0,4,0,0,148,3,,0,4,5,0,2
96,Caxias do Sul,4305108,475992,253,4,831,21,0,5657,1832,,6,220,3626,976,141
97,Centenário,4305116,3020,2,0,0,0,0,3,0,,0,0,0,0,0
98,Cerrito,4305124,6124,3,0,0,0,0,85,1,,0,2,4,2,0
99,Cerro Branco,4305132,4283,3,0,0,0,0,32,1,,0,0,2,0,0
100,Cerro Grande,4305157,2558,2,0,1,0,0,15,1,,0,1,2,1,0
101,Cerro Grande do Sul,4305173,10471,2,0,5,0,0,88,24,,0,1,8,4,1
102,Cerro Largo,4305207,14201,6,0,8,0,0,99,13,,0,6,9,1,4
103,Chapada,4305306,9539,1,0,15,0,0,41,4,,0,0,4,0,1
104,Charqueadas,4305355,36958,16,3,16,1,1,283,15,,0,122,40,1,118
105,Charrua,4305371,3096,2,0,0,0,0,12,0,,0,0,1,1,0
106,Chiapetta,4305405,4152,8,0,5,0,0,42,8,,0,1,1,0,1
107,Chuí,4305439,5567,5,1,8,0,0,160,3,,0,4,29,0,0
108,Chuvisca,4305447,5084,6,0,0,0,0,44,2,,0,1,2,1,0
109,Cidreira,4305454,14465,10,1,32,2,0,454,42,,1,55,96,11,38
110,Ciríaco,4305504,4688,2,0,3,0,0,63,5,,0,0,7,3,1
111,Colinas,4305587,2884,0,0,1,0,0,18,4,,0,0,0,0,0
112,Colorado,4305603,3289,4,0,1,0,0,30,0,,0,1,0,1,0
113,Condor,4305702,6458,3,0,5,0,0,81,1,,0,1,3,0,0
114,Constantina,4305801,10120,6,0,8,0,0,67,10,,0,2,5,0,2
115,Coqueiro Baixo,4305835,1410,1,0,0,0,0,14,1,,0,0,2,0,0
116,Coqueiros do Sul,4305850,2351,0,0,0,0,0,29,1,,0,0,5,1,1
117,Coronel Barros,4305871,2782,0,0,4,0,0,20,0,,0,0,3,0,0
118,Coronel Bicaco,4305900,7374,9,0,1,0,0,128,8,,1,4,13,2,2
119,Coronel Pilar,4305934,1560,0,0,0,0,0,8,0,,0,0,1,0,0
120,Cotiporã,4305959,3976,2,0,4,0,0,51,3,,0,0,0,1,0
121,Coxilha,4305975,2959,2,0,0,0,0,31,1,,0,4,2,1,1
122,Crissiumal,4306007,14148,7,0,7,0,0,127,25,,0,3,7,1,2
123,Cristal,4306056,7839,4,0,8,0,0,98,0,,0,1,15,5,0
124,Cristal do Sul,4306072,2786,11,0,1,0,0,23,1,,0,3,1,0,0
125,Cruz Alta,4306106,63389,146,5,103,3,0,1174,151,,0,53,238,19,41
126,Cruzaltense,4306130,1926,4,1,0,0,0,13,0,,0,0,0,2,0
127,Cruzeiro do Sul,4306205,12708,4,1,14,0,0,114,12,,0,2,31,4,3
128,David Canabarro,4306304,4519,5,0,2,0,0,38,0,,0,0,0,0,0
129,Derrubadas,4306320,3006,7,0,1,0,0,16,1,,0,0,1,0,0
130,Dezesseis de Novembro,4306353,2671,7,0,1,0,0,9,1,,0,0,1,0,0
131,Dilermando de Aguiar,4306379,2942,3,0,1,0,0,69,0,,0,0,3,0,0
132,Dois Irmãos,4306403,30699,3,0,41,1,0,198,36,,1,15,40,14,5
133,Dois Irmãos das Missões,4306429,2074,3,0,1,0,0,9,0,,0,0,0,0,0
134,Dois Lajeados,4306452,3321,1,0,3,1,0,35,4,,0,1,1,1,1
135,Dom Feliciano,4306502,14487,7,0,6,0,0,84,5,,0,2,18,2,1
136,Dom Pedrito,4306601,39109,19,3,52,0,0,428,22,,0,28,29,2,31
137,Dom Pedro de Alcântara,4306551,2633,5,0,1,0,0,22,2,,0,0,4,2,1
138,Dona Francisca,4306700,3266,5,2,5,1,0,45,1,,0,0,4,0,0
139,Doutor Maurício Cardoso,4306734,4999,0,0,0,0,0,27,1,,0,1,0,0,0
140,Doutor Ricardo,4306759,1999,0,0,0,0,0,24,0,,0,0,3,1,0
141,Eldorado do Sul,4306767,38036,30,0,23,0,0,443,31,,1,51,324,51,70
142,Encantado,4306809,21961,15,0,27,0,0,361,24,,0,31,36,0,23
143,Encruzilhada do Sul,4306908,24686,16,0,19,1,0,395,26,,2,11,56,9,9
144,Engenho Velho,4306924,1534,0,0,0,0,0,8,0,,0,0,1,0,0
145,Entre-ijuís,4306932,9370,8,0,9,0,0,135,3,,0,3,2,0,1
146,Entre Rios do Sul,4306957,3034,1,0,1,0,0,53,1,,0,0,5,0,0
147,Erebango,4306973,3179,5,0,3,0,0,43,0,,0,2,3,1,3
148,Erechim,4307005,103916,130,5,157,8,0,1293,211,,2,147,225,16,88
149,Ernestina,4307054,3184,4,0,6,0,0,50,1,,0,1,3,1,0
150,Erval Grande,4307203,5053,6,0,0,1,0,33,3,,2,2,17,3,0
151,Erval Seco,4307302,7648,7,0,5,0,0,71,3,,0,0,6,0,0
152,Esmeralda,4307401,3301,4,0,0,0,0,49,0,,0,0,7,2,0
153,Esperança do Sul,4307450,3460,3,0,1,0,0,13,3,,0,0,2,2,0
154,Espumoso,4307500,15916,6,7,13,1,0,130,20,,0,9,15,4,14
155,Estação,4307559,6148,2,0,5,0,0,55,6,,0,2,3,0,1
156,Estância Velha,4307609,47325,10,0,41,1,0,476,77,,0,85,231,101,12
157,Esteio,4307708,85226,52,1,106,4,0,1353,206,,2,104,879,150,74
158,Estrela,4307807,33415,18,2,55,2,0,517,42,,0,67,104,9,25
159,Estrela Velha,4307815,3544,2,0,3,0,0,16,2,,0,0,1,0,0
160,Eugênio de Castro,4307831,2865,0,0,0,0,0,38,5,,0,1,1,0,0
161,Fagundes Varela,4307864,2622,1,0,2,0,0,19,4,,0,0,0,0,0
162,Farroupilha,4307906,69535,28,1,94,3,0,1105,268,,2,76,319,78,35
163,Faxinal do Soturno,4308003,6621,3,0,2,0,0,74,1,,0,2,2,0,0
164,Faxinalzinho,4308052,2740,5,0,0,1,0,21,0,,0,0,1,0,0
165,Fazenda Vilanova,4308078,4322,7,0,1,0,0,89,5,,0,11,19,4,1
166,Feliz,4308102,13550,5,0,9,0,0,112,9,,0,29,9,4,5
167,Flores da Cunha,4308201,29650,16,0,40,1,0,353,43,,0,13,105,28,5
168,Floriano Peixoto,4308250,1749,0,0,0,0,0,9,0,,0,0,0,0,0
169,Fontoura Xavier,4308300,10514,15,0,8,1,0,135,8,,2,1,14,2,4
170,Formigueiro,4308409,6806,12,0,6,0,0,79,2,,0,0,0,0,4
171,Forquetinha,4308433,2505,3,0,0,0,0,18,0,,0,1,0,1,0
172,Fortaleza dos Valos,4308458,4615,3,0,4,0,0,51,0,,0,0,2,0,0
173,Frederico Westphalen,4308508,31199,26,0,47,1,0,360,17,,0,88,13,5,18
174,Garibaldi,4308607,33534,6,0,34,0,0,440,55,,1,15,74,39,3
175,Garruchos,4308656,2822,6,0,1,0,0,73,2,,0,0,2,0,1
176,Gaurama,4308706,5878,0,0,2,0,0,66,4,,0,3,2,0,2
177,General Câmara,4308805,8378,5,0,12,0,0,121,1,,0,0,12,1,3
178,Gentil,4308854,1956,3,0,0,0,0,16,2,,0,0,8,5,0
179,Getúlio Vargas,4308904,17076,14,0,28,1,0,156,19,,1,19,49,5,16
180,Giruá,4309001,16965,10,0,15,0,0,216,14,,0,2,6,1,4
181,Glorinha,4309050,7471,5,0,16,0,0,122,7,,0,1,21,6,1
182,Gramado,4309100,36456,8,2,66,1,0,563,25,,0,54,38,6,15
183,Gramado dos Loureiros,4309126,2370,1,0,1,0,0,14,1,,0,1,1,1,0
184,Gramado Xavier,4309159,3750,0,0,3,0,0,28,0,,0,1,0,0,0
185,Gravataí,4309209,274329,164,10,353,10,0,2986,534,,5,142,3098,664,184
186,Guabiju,4309258,1686,1,0,0,0,0,13,0,,0,0,0,0,0
187,Guaíba,4309308,100226,107,2,68,3,0,939,75,,0,139,863,73,85
188,Guaporé,4309407,25255,16,17,58,1,0,240,14,,0,24,34,1,8
189,Guarani das Missões,4309506,8092,4,1,5,0,0,101,4,,0,2,10,0,0
190,Harmonia,4309555,4785,0,0,2,0,0,30,2,,0,0,2,1,1
191,Herval,4307104,6596,3,0,5,1,0,107,3,,0,2,0,0,1
192,Herveiras,4309571,2802,1,0,0,0,0,20,3,,0,0,5,0,0
193,Horizontina,4309605,19413,14,0,20,0,0,201,21,,0,29,9,0,7
194,Hulha Negra,4309654,6359,2,0,1,0,0,41,1,,0,1,0,0,0
195,Humaitá,4309704,4877,0,0,0,0,0,23,2,,0,3,3,0,1
196,Ibarama,4309753,4269,6,0,0,0,0,51,4,,1,0,0,0,0
197,Ibiaçá,4309803,4823,4,0,4,0,0,67,4,,0,0,7,2,1
198,Ibiraiaras,4309902,8184,3,0,4,0,0,84,5,,0,0,2,3,0
199,Ibirapuitã,4309951,3860,6,0,2,0,0,46,4,,0,2,6,2,1
200,Ibirubá,4310009,20973,7,0,37,1,0,199,17,,0,5,11,2,5
201,Igrejinha,4310108,33942,18,0,40,3,0,335,28,,2,74,87,23,31
202,Ijuí,4310207,86392,46,0,141,1,0,1003,75,,0,254,111,12,51
203,Ilópolis,4310306,4172,3,0,4,0,0,15,1,,1,3,6,1,0
204,Imbé,4310330,21478,21,1,60,3,0,772,52,,1,58,210,29,29
205,Imigrante,4310363,3175,0,0,0,0,0,21,1,,0,0,1,0,0
206,Independência,4310405,6938,6,0,4,1,0,91,3,,0,1,0,0,0
207,Inhacorá,4310413,2309,7,0,1,0,0,22,0,,0,0,0,0,0
208,Ipê,4310439,6143,8,0,3,0,0,97,2,,0,3,5,1,7
209,Ipiranga do Sul,4310462,1908,5,0,1,0,0,25,1,,0,0,0,1,0
210,Iraí,4310504,8042,5,0,6,1,0,71,7,,0,14,7,1,8
211,Itaara,4310538,5177,3,0,4,0,0,123,1,,0,2,5,1,1
212,Itacurubi,4310553,3221,1,0,3,0,0,60,0,,0,0,1,0,0
213,Itapuca,4310579,2223,6,0,0,0,0,35,2,,0,0,4,2,0
214,Itaqui,4310603,38471,33,4,30,0,0,544,15,,0,40,106,9,28
215,Itati,4310652,2728,2,0,1,0,0,13,2,,0,2,5,0,0
216,Itatiba do Sul,4310702,3694,1,0,0,0,0,19,1,,0,0,1,0,0
217,Ivorá,4310751,2015,0,0,3,0,0,23,1,,0,0,0,0,0
218,Ivoti,4310801,22959,1,1,29,0,0,140,25,,0,21,20,3,1
219,Jaboticaba,4310850,3971,3,0,4,0,0,23,7,,0,3,8,0,0
220,Jacuizinho,4310876,2436,1,0,1,0,0,18,2,,0,0,0,0,0
221,Jacutinga,4310900,3483,1,0,1,0,0,23,1,,0,1,0,0,0
222,Jaguarão,4311007,28358,9,0,32,2,0,516,43,,0,23,45,0,19
223,Jaguari,4311106,10712,9,0,1,0,0,70,0,,0,6,7,0,3
224,Jaquirana,4311122,4183,2,0,4,0,0,76,0,,0,2,5,0,2
225,Jari,4311130,3454,1,0,0,0,0,34,0,,0,0,0,0,0
226,Jóia,4311155,8219,9,0,6,1,0,71,0,,0,0,2,0,1
227,Júlio de Castilhos,4311205,19522,7,0,27,0,0,373,17,,0,19,25,1,6
228,Lagoa Bonita do Sul,4311239,2712,0,0,1,0,0,14,3,,0,0,0,0,0
229,Lagoa dos Três Cantos,4311270,1936,0,1,0,0,0,10,1,,0,0,1,0,1
230,Lagoa Vermelha,4311304,28468,31,2,38,0,0,615,27,,0,33,54,9,17
231,Lagoão,4311254,5747,7,0,2,0,0,29,3,,0,1,0,0,0
232,Lajeado,4311403,81507,66,0,155,1,0,1249,173,,1,71,353,80,62
233,Lajeado do Bugre,4311429,2378,8,0,1,0,0,9,1,,0,1,1,0,0
234,Lavras do Sul,4311502,7374,1,0,2,0,0,48,1,,0,3,1,0,1
235,Liberato Salzano,4311601,5564,4,0,0,0,0,34,2,,0,0,1,1,0
236,Lindolfo Collor,4311627,5693,1,0,1,0,0,21,1,,0,3,4,2,2
237,Linha Nova,4311643,1775,0,0,0,0,0,6,0,,0,0,0,0,0
238,Maçambará,4311718,4406,4,0,0,0,0,51,1,,0,0,1,0,0
239,Machadinho,4311700,5778,2,1,5,0,0,53,2,,0,1,1,0,0
240,Mampituba,4311734,3043,0,0,0,0,0,19,0,,0,0,3,0,0
241,Manoel Viana,4311759,6485,5,1,3,0,0,60,3,,0,0,1,0,3
242,Maquiné,4311775,6809,4,0,4,0,0,74,4,,0,2,16,4,2
243,Maratá,4311791,2643,1,0,1,0,0,9,0,,0,0,2,0,1
244,Marau,4311809,41090,34,0,79,0,0,531,50,,0,31,58,24,10
245,Marcelino Ramos,4311908,4938,0,0,5,0,0,48,1,,0,0,1,0,1
246,Mariana Pimentel,4311981,4017,3,0,1,0,0,47,0,,0,0,5,2,0
247,Mariano Moro,4312005,2086,5,0,0,0,0,25,0,,0,1,0,0,2
248,Marques de Souza,4312054,4313,2,0,3,0,0,28,1,,0,1,2,0,0
249,Mata,4312104,4665,3,0,6,0,0,75,3,,0,1,5,2,2
250,Mato Castelhano,4312138,2609,5,0,2,0,0,47,1,,0,0,9,3,0
251,Mato Leitão,4312153,4485,2,0,0,0,0,26,4,,0,0,9,1,0
252,Mato Queimado,4312179,1901,0,0,0,0,0,7,0,,0,0,0,0,0
253,Maximiliano de Almeida,4312203,4509,0,0,7,0,0,31,3,,0,1,2,0,1
254,Minas do Leão,4312252,7804,3,0,1,0,0,162,4,,0,11,21,1,1
255,Miraguaí,4312302,5097,5,0,1,0,0,85,22,,0,1,8,0,0
256,Montauri,4312351,1612,0,0,0,0,0,4,0,,0,0,3,0,0
257,Monte Alegre dos Campos,4312377,3225,3,0,1,0,0,32,1,,0,1,0,0,0
258,Monte Belo do Sul,4312385,2704,4,0,3,0,0,31,1,,0,0,7,2,0
259,Montenegro,4312401,65094,38,0,62,1,0,865,60,,1,144,194,24,102
260,Mormaço,4312427,2857,1,0,2,0,0,29,3,,0,1,1,2,0
261,Morrinhos do Sul,4312443,3300,0,0,2,0,0,14,0,,0,0,3,0,1
262,Morro Redondo,4312450,6456,3,0,12,0,0,63,2,,0,2,3,0,0
263,Morro Reuter,4312476,6166,1,0,7,0,0,41,3,,0,5,6,2,0
264,Mostardas,4312500,12583,10,0,20,1,0,246,6,,0,15,18,2,17
265,Muçum,4312609,5139,6,1,5,0,0,88,3,,0,6,8,2,1
266,Muitos Capões,4312617,3057,0,0,2,0,0,61,1,,0,1,4,2,0
267,Muliterno,4312625,1987,8,0,1,0,0,28,1,,0,0,2,0,0
268,Não-Me-Toque,4312658,17655,14,0,23,0,0,240,22,,0,5,23,2,8
269,Nicolau Vergueiro,4312674,1848,4,0,1,0,0,10,0,,0,0,1,9,0
270,Nonoai,4312708,12123,16,0,12,0,0,155,15,,0,10,13,3,2
271,Nova Alvorada,4312757,3413,6,0,5,1,0,12,0,,0,0,5,2,1
272,Nova Araçá,4312807,4990,2,0,9,1,0,29,2,,0,0,2,3,1
273,Nova Bassano,4312906,8648,4,0,9,0,0,101,10,,0,10,12,4,6
274,Nova Boa Vista,4312955,2138,1,0,0,0,0,6,1,,0,0,0,0,0
275,Nova Bréscia,4313003,3332,6,0,0,0,0,23,3,,0,1,2,0,0
276,Nova Candelária,4313011,2904,4,0,1,0,0,7,1,,0,0,0,0,0
277,Nova Esperança do Sul,4313037,4995,5,0,2,0,0,42,1,,0,7,3,0,3
278,Nova Hartz,4313060,19172,4,0,17,0,0,175,15,,0,29,43,6,12
279,Nova Pádua,4313086,2519,0,0,1,0,0,19,1,,0,0,1,0,0
280,Nova Palma,4313102,6140,2,0,11,0,0,69,0,,0,0,1,1,0
281,Nova Petrópolis,4313201,22052,2,2,26,1,0,186,7,,1,33,8,2,7
282,Nova Prata,4313300,25382,14,11,35,0,0,244,34,,0,54,42,7,25
283,Nova Ramada,4313334,2475,3,0,2,0,0,17,2,,0,0,0,0,0
284,Nova Roma do Sul,4313359,3603,1,0,4,0,0,21,0,,0,2,3,0,0
285,Nova Santa Rita,4313375,25633,12,1,23,0,0,408,46,,1,19,111,32,9
286,Novo Barreiro,4313490,4065,2,0,3,0,0,28,4,,0,0,5,0,1
287,Novo Cabrais,4313391,3588,2,0,1,0,0,25,3,,0,1,2,1,0
288,Novo Hamburgo,4313409,243260,185,6,675,19,2,3454,873,,2,311,2768,911,230
289,Novo Machado,4313425,3389,1,0,0,0,0,24,0,,0,0,0,0,1
290,Novo Tiradentes,4313441,2185,0,0,0,0,0,8,1,,0,0,0,0,0
291,Novo Xingu,4313466,1912,0,0,1,0,0,5,0,,0,0,1,0,0
292,Osório,4313508,45343,26,2,66,2,0,833,53,,0,88,165,18,70
293,Paim Filho,4313607,4021,8,0,0,0,0,30,1,,0,1,3,0,0
294,Palmares do Sul,4313656,11697,5,0,20,3,0,289,6,,1,5,48,14,12
295,Palmeira das Missões,4313706,35549,31,0,20,0,0,398,34,,0,33,53,5,15
296,Palmitinho,4313805,7309,5,0,4,1,0,59,8,,0,0,4,0,0
297,Panambi,4313904,42466,19,1,51,1,0,354,28,,0,15,22,4,5
298,Pantano Grande,4313953,9927,7,0,3,0,0,140,5,,0,15,26,1,5
299,Paraí,4314001,7405,3,0,5,1,0,66,6,,0,4,8,6,0
300,Paraíso do Sul,4314027,7573,4,0,1,1,0,33,2,,0,2,4,1,3
301,Pareci Novo,4314035,4068,5,0,6,0,0,48,3,,0,2,6,5,3
302,Parobé,4314050,54114,25,2,52,8,3,528,126,,0,45,300,68,17
303,Passa Sete,4314068,4654,7,0,2,0,0,64,6,,0,0,1,1,3
304,Passo do Sobrado,4314076,6150,6,0,3,1,0,78,3,,0,0,6,5,0
305,Passo Fundo,4314100,199446,185,3,263,7,0,2296,597,,6,165,1114,188,175
306,Paulo Bento,4314134,2062,2,0,2,0,0,28,2,,0,0,0,0,0
307,Paverama,4314159,8660,7,0,4,1,0,101,2,,0,1,20,3,2
308,Pedras Altas,4314175,2035,2,0,0,0,0,34,1,,0,0,0,0,0
309,Pedro Osório,4314209,8191,4,0,9,0,0,190,3,,0,9,22,1,1
310,Pejuçara,4314308,3880,2,0,4,0,0,63,1,,0,0,5,1,1
311,Pelotas,4314407,343148,233,2,498,11,0,3904,434,,10,235,3734,248,286
312,Picada Café,4314423,5428,1,0,0,0,0,28,1,,0,5,6,1,1
313,Pinhal,4314456,2509,2,0,3,0,0,67,7,,0,0,5,1,2
314,Pinhal da Serra,4314464,2164,3,0,1,0,0,28,0,,0,0,0,0,0
315,Pinhal Grande,4314472,4257,3,0,4,0,0,38,2,,0,0,3,2,0
316,Pinheirinho do Vale,4314498,4513,5,0,1,0,0,12,0,,0,0,2,0,0
317,Pinheiro Machado,4314506,12112,9,0,17,0,0,217,4,,0,21,13,0,6
318,Pinto Bandeira,4314548,2959,0,0,0,0,0,22,1,,0,0,4,1,0
319,Pirapó,4314555,2622,4,0,0,0,0,36,0,,0,0,0,0,0
320,Piratini,4314605,19182,9,0,16,1,0,291,19,,0,8,22,2,6
321,Planalto,4314704,10476,15,0,5,0,0,113,6,,0,5,9,2,0
322,Poço das Antas,4314753,2076,0,0,0,0,0,17,0,,0,0,3,0,0
323,Pontão,4314779,3887,4,0,1,0,0,46,4,,0,0,7,3,0
324,Ponte Preta,4314787,1648,1,1,0,0,0,3,0,,0,0,1,0,0
325,Portão,4314803,34087,25,1,52,2,0,378,54,,2,32,122,59,16
326,Porto Alegre,4314902,1479277,1017,62,3980,81,3,29611,3653,,40,706,34825,8129,2062
327,Porto Lucena,4315008,5141,7,0,6,0,0,39,1,,0,1,0,0,1
328,Porto Mauá,4315057,2319,4,0,2,0,0,19,1,,0,2,2,0,0
329,Porto Vera Cruz,4315073,1654,6,0,1,0,0,20,1,,0,0,1,1,0
330,Porto Xavier,4315107,10579,15,1,3,1,0,135,7,,0,14,12,0,5
331,Pouso Novo,4315131,1777,0,0,2,0,0,19,2,,0,0,1,1,0
332,Presidente Lucena,4315149,2880,3,0,0,0,0,20,1,,0,1,1,0,0
333,Progresso,4315156,5766,10,0,5,0,0,32,2,,0,4,1,0,1
334,Protásio Alves,4315172,2147,4,0,2,0,0,16,0,,0,0,1,0,0
335,Putinga,4315206,4079,3,0,2,0,0,20,0,,0,0,2,0,0
336,Quaraí,4315305,22586,12,1,15,1,0,342,28,,0,9,26,0,12
337,Quatro Irmãos,4315313,1672,4,0,0,0,0,24,0,,0,0,0,0,0
338,Quevedos,4315321,2628,1,0,0,0,0,18,0,,0,0,0,0,0
339,Quinze de Novembro,4315354,4045,0,0,2,0,0,32,2,,0,0,0,0,0
340,Redentora,4315404,10559,8,0,2,0,0,81,12,,0,1,8,1,1
341,Relvado,4315453,2047,0,0,0,0,0,17,0,,0,0,0,0,0
342,Restinga Sêca,4315503,15733,3,0,10,0,0,241,17,,0,13,3,1,6
343,Rio dos Índios,4315552,3191,2,0,1,0,0,24,2,,0,0,6,0,0
344,Rio Grande,4315602,214532,178,3,253,10,1,3062,288,,2,216,2580,69,144
345,Rio Pardo,4315701,38526,15,1,27,0,0,577,41,,0,33,83,7,10
346,Riozinho,4315750,4140,1,0,1,0,0,46,1,,0,1,1,2,0
347,Roca Sales,4315800,11338,1,0,5,0,0,140,10,,0,4,17,3,3
348,Rodeio Bonito,4315909,6078,3,0,2,1,0,54,9,,0,6,2,0,0
349,Rolador,4315958,2352,2,0,0,0,0,18,0,,0,0,2,0,0
350,Rolante,4316006,21032,8,0,11,1,0,183,11,,0,53,31,8,7
351,Ronda Alta,4316105,10092,6,0,5,0,0,85,8,,0,4,11,3,3
352,Rondinha,4316204,5562,2,0,3,0,0,37,5,,0,0,8,0,0
353,Roque Gonzales,4316303,6779,2,0,2,0,0,70,3,,0,5,1,0,1
354,Rosário do Sul,4316402,40448,32,2,28,0,0,529,26,,0,85,42,0,26
355,Sagrada Família,4316428,2689,0,0,1,0,0,22,1,,0,0,4,0,0
356,Saldanha Marinho,4316436,2923,0,0,2,0,0,22,0,,0,0,1,0,0
357,Salto do Jacuí,4316451,11385,16,1,31,3,0,192,11,,0,1,17,1,5
358,Salvador das Missões,4316477,2818,2,0,3,0,0,26,1,,0,0,0,0,0
359,Salvador do Sul,4316501,7276,2,0,1,0,0,53,4,,0,0,5,3,0
360,Sananduva,4316600,15997,13,0,8,1,0,139,6,,0,5,9,2,5
361,Santa Bárbara do Sul,4316709,8951,7,0,18,0,0,98,5,,0,3,9,1,0
362,Santa Cecília do Sul,4316733,1700,2,0,1,0,0,9,2,,0,0,1,0,0
363,Santa Clara do Sul,4316758,6712,1,0,4,0,0,44,3,,0,1,1,0,1
364,Santa Cruz do Sul,4316808,128887,91,12,211,14,0,2302,547,,3,77,460,62,97
365,Santa Margarida do Sul,4316972,2570,1,0,1,0,0,30,2,,1,0,1,1,0
366,Santa Maria,4316907,277229,225,15,670,8,0,4149,325,,6,397,1976,53,202
367,Santa Maria do Herval,4316956,6673,1,0,2,1,0,29,5,,0,2,1,0,1
368,Santa Rosa,4317202,73977,61,3,79,9,0,899,50,,1,201,81,4,60
369,Santa Tereza,4317251,1660,1,0,0,0,0,17,1,,0,0,3,1,0
370,Santa Vitória do Palmar,4317301,32326,11,1,37,3,0,858,43,,0,14,95,3,8
371,Santana da Boa Vista,4317004,7836,2,0,2,0,0,107,5,,0,4,7,0,1
372,Santana do Livramento,4317103,84316,63,3,124,0,0,1236,105,,0,101,165,6,32
373,Santiago,4317400,50548,35,0,93,2,0,852,26,,2,135,65,0,130
374,Santo Ângelo,4317509,79789,63,58,86,0,0,1669,110,,0,108,257,11,27
375,Santo Antônio da Patrulha,4317608,42934,11,1,46,2,0,471,49,,0,40,109,24,24
376,Santo Antônio das Missões,4317707,10947,15,0,3,0,0,136,2,,0,9,6,1,3
377,Santo Antônio do Palma,4317558,2137,1,0,1,0,0,20,5,,0,0,4,0,0
378,Santo Antônio do Planalto,4317756,2106,0,0,0,0,0,10,1,,0,0,5,3,0
379,Santo Augusto,4317806,15066,20,0,4,1,0,244,22,,0,16,22,0,3
380,Santo Cristo,4317905,14733,6,0,8,0,0,63,4,,0,14,3,0,2
381,Santo Expedito do Sul,4317954,2497,3,0,0,0,0,16,0,,0,0,1,0,0
382,São Borja,4318002,61940,32,3,83,1,0,894,38,,0,92,173,4,78
383,São Domingos do Sul,4318051,2907,2,0,6,0,0,23,7,,0,0,2,2,1
384,São Francisco de Assis,4318101,18930,26,0,15,0,0,283,6,,0,17,7,0,4
385,São Francisco de Paula,4318200,21568,10,2,23,0,0,338,15,,0,13,40,13,17
386,São Gabriel,4318309,61870,64,5,54,1,0,926,53,,0,64,78,2,60
387,São Jerônimo,4318408,23254,8,2,10,0,0,308,20,,0,34,36,1,22
388,São João da Urtiga,4318424,4780,4,0,6,0,0,25,6,,0,0,2,0,0
389,São João do Polêsine,4318432,2683,2,0,3,0,0,30,1,,0,0,1,0,0
390,São Jorge,4318440,2640,1,0,0,0,0,8,0,,0,0,1,0,0
391,São José das Missões,4318457,2645,0,0,0,0,0,9,0,,0,0,1,0,0
392,São José do Herval,4318465,2079,0,0,1,0,0,26,1,,0,1,1,0,2
393,São José do Hortêncio,4318481,4382,1,0,2,0,0,21,1,,0,6,5,0,1
394,São José do Inhacorá,4318499,2441,3,0,2,0,0,8,2,,0,0,0,0,0
395,São José do Norte,4318507,26424,21,0,8,0,0,404,24,,1,31,79,0,15
396,São José do Ouro,4318606,7039,7,0,8,0,0,47,2,,0,2,1,0,1
397,São José do Sul,4318614,2258,0,0,1,0,0,24,4,,0,0,3,0,0
398,São José dos Ausentes,4318622,3560,1,0,0,0,0,12,0,,0,0,1,0,2
399,São Leopoldo,4318705,226680,178,8,316,9,2,3030,708,,2,205,2274,795,273
400,São Lourenço do Sul,4318804,43618,20,0,28,0,0,409,28,,0,41,37,2,23
401,São Luiz Gonzaga,4318903,35895,45,0,48,1,0,910,39,,1,46,81,3,10
402,São Marcos,4319000,21601,11,1,25,0,0,262,15,,0,26,54,13,12
403,São Martinho,4319109,5871,4,0,4,0,0,39,2,,0,0,2,0,0
404,São Martinho da Serra,4319125,3211,2,0,2,0,0,76,2,,0,0,1,0,0
405,São Miguel das Missões,4319158,7605,6,0,1,0,0,76,1,,0,2,3,1,2
406,São Nicolau,4319208,5437,13,0,2,0,0,117,2,,0,2,2,0,0
407,São Paulo das Missões,4319307,5973,2,0,1,0,0,35,2,,0,1,0,2,0
408,São Pedro da Serra,4319356,3435,1,0,1,0,0,17,1,,0,5,4,0,0
409,São Pedro das Missões,4319364,1895,2,1,1,0,0,14,1,,0,1,2,0,0
410,São Pedro do Butiá,4319372,2915,0,0,1,0,0,24,1,,0,0,1,0,0
411,São Pedro do Sul,4319406,16508,9,1,16,0,0,289,7,,0,5,17,0,5
412,São Sebastião do Caí,4319505,24469,10,5,28,4,0,432,19,,1,103,65,21,39
413,São Sepé,4319604,23678,20,3,28,0,0,384,15,,0,11,61,2,11
414,São Valentim,4319703,3710,4,0,2,0,0,28,1,,0,3,0,0,0
415,São Valentim do Sul,4319711,2499,1,0,1,0,0,30,1,,0,0,4,1,0
416,São Valério do Sul,4319737,2795,7,0,0,0,0,23,0,,0,0,1,0,0
417,São Vendelino,4319752,2238,0,0,0,0,0,21,1,,0,3,8,6,0
418,São Vicente do Sul,4319802,8575,7,0,7,0,0,156,1,,0,5,7,0,3
419,Sapiranga,4319901,79271,43,0,67,0,0,893,235,,0,97,381,98,44
420,Sapucaia do Sul,4320008,141256,100,2,106,8,0,1556,398,,1,142,1483,224,138
421,Sarandi,4320107,22666,20,0,19,1,0,207,16,,0,7,42,13,17
422,Seberi,4320206,11633,9,0,11,0,0,165,12,,0,2,26,0,2
423,Sede Nova,4320230,2991,2,0,1,0,0,16,0,,0,1,1,0,0
424,Segredo,4320263,6881,8,0,4,1,0,67,2,,0,0,4,1,0
425,Selbach,4320305,5115,3,0,3,0,0,27,4,,0,0,0,1,0
426,Senador Salgado Filho,4320321,2894,0,1,0,0,0,18,1,,0,1,0,1,0
427,Sentinela do Sul,4320354,5116,0,0,1,0,0,82,6,,0,0,6,3,0
428,Serafina Corrêa,4320404,15675,1,0,33,0,0,154,15,,0,26,15,1,5
429,Sério,4320453,2083,1,0,0,0,0,17,1,,0,1,1,0,0
430,Sertão,4320503,6026,6,1,11,0,0,86,4,,0,0,6,0,2
431,Sertão Santana,4320552,5996,1,0,3,0,0,69,2,,0,2,12,4,0
432,Sete de Setembro,4320578,2169,1,0,1,0,0,50,0,,0,0,1,1,0
433,Severiano de Almeida,4320602,3800,5,0,3,0,0,46,0,,0,0,1,0,0
434,Silveira Martins,4320651,2421,0,1,2,0,0,17,1,,0,0,0,0,3
435,Sinimbu,4320677,9956,2,0,3,0,0,53,2,,0,0,8,0,0
436,Sobradinho,4320701,14819,12,0,18,0,0,409,10,,0,30,38,1,19
437,Soledade,4320800,30930,37,8,59,5,0,564,32,,3,63,61,8,97
438,Tabaí,4320859,4491,1,0,3,0,0,73,2,,0,1,7,4,0
439,Tapejara,4320909,22920,8,0,47,0,0,297,30,,0,5,19,5,6
440,Tapera,4321006,10983,5,0,6,1,0,120,25,,0,7,9,1,16
441,Tapes,4321105,16876,16,0,17,1,0,422,14,,0,16,67,7,3
442,Taquara,4321204,57971,29,1,57,8,2,750,93,,2,60,255,104,43
443,Taquari,4321303,27090,14,2,46,1,0,347,36,,1,11,42,14,6
444,Taquaruçu do Sul,4321329,3053,0,0,1,0,0,30,5,,0,0,3,0,1
445,Tavares,4321352,5430,6,2,5,0,0,81,5,,0,6,1,0,12
446,Tenente Portela,4321402,14108,6,0,13,0,0,179,17,,0,6,17,0,3
447,Terra de Areia,4321436,10597,7,1,9,0,0,192,12,,1,3,32,8,8
448,Teutônia,4321451,31220,5,0,18,0,0,303,13,,0,31,41,7,10
449,Tio Hugo,4321469,2924,2,0,2,0,0,36,0,,0,0,8,5,0
450,Tiradentes do Sul,4321477,5968,4,0,1,0,0,39,5,,0,1,4,0,1
451,Toropi,4321493,2667,2,0,0,0,0,23,2,,0,0,1,0,0
452,Torres,4321501,38609,30,1,91,2,0,823,63,,0,115,169,18,79
453,Tramandaí,4321600,49262,41,1,141,4,0,1582,151,,2,130,554,103,99
454,Travesseiro,4321626,2416,0,0,1,0,0,4,0,,0,0,0,0,0
455,Três Arroios,4321634,2839,2,0,4,0,0,13,3,,1,0,0,0,0
456,Três Cachoeiras,4321667,10953,4,0,18,0,0,126,15,,0,1,21,3,3
457,Três Coroas,4321709,25471,10,0,12,0,0,309,12,,0,37,50,6,10
458,Três de Maio,4321808,24616,13,0,32,0,0,291,11,,0,32,27,0,20
459,Três Forquilhas,4321832,2855,0,0,0,0,0,16,2,,0,0,2,0,0
460,Três Palmeiras,4321857,4769,2,0,1,0,0,39,7,,0,0,5,0,0
461,Três Passos,4321907,25400,28,0,22,1,0,359,41,,0,10,25,0,27
462,Trindade do Sul,4321956,6250,10,0,4,0,0,67,11,,0,1,11,4,0
463,Triunfo,4322004,26238,20,0,19,0,1,420,21,,0,54,63,15,19
464,Tucunduva,4322103,6029,1,1,3,0,0,45,0,,1,0,2,0,1
465,Tunas,4322152,4074,5,0,1,0,0,18,0,,1,0,0,1,0
466,Tupanci do Sul,4322186,1453,3,0,1,0,0,17,0,,0,0,2,0,0
467,Tupanciretã,4322202,22435,6,1,16,0,0,364,9,,1,21,42,3,7
468,Tupandi,4322251,4630,0,0,6,0,0,18,1,,0,1,3,0,0
469,Tuparendi,4322301,8557,9,0,2,0,0,78,3,,0,2,2,0,2
470,Turuçu,4322327,3816,1,0,2,0,0,37,0,,0,0,2,0,1
471,Ubiretama,4322343,2184,2,1,0,0,0,18,0,,0,0,4,0,0
472,União da Serra,4322350,1365,1,0,2,0,0,9,2,,1,0,6,0,0
473,Unistalda,4322376,2448,1,0,3,0,0,27,0,,0,1,0,0,0
474,Uruguaiana,4322400,126660,78,2,154,1,0,1673,79,,1,125,740,14,151
475,Vacaria,4322509,67034,111,2,112,1,0,1405,91,,0,97,218,15,57
476,Vale do Sol,4322533,11265,6,1,7,0,0,93,7,,0,1,5,1,0
477,Vale Real,4322541,5495,0,0,6,0,0,28,1,,0,2,8,1,0
478,Vale Verde,4322525,3446,1,0,2,0,0,33,4,,0,0,4,4,0
479,Vanini,4322558,2106,1,0,0,0,0,16,4,,0,0,2,0,0
480,Venâncio Aires,4322608,69401,39,4,45,0,0,725,57,,0,174,158,15,60
481,Vera Cruz,4322707,25267,7,0,19,2,0,250,67,,0,2,44,2,3
482,Veranópolis,4322806,24033,5,0,36,1,0,351,35,,0,34,39,6,13
483,Vespasiano Correa,4322855,1879,0,0,0,0,0,14,0,,0,0,2,1,0
484,Viadutos,4322905,5267,7,0,0,0,0,67,2,,0,2,1,0,2
485,Viamão,4323002,252287,154,4,301,6,0,2487,438,,2,181,3777,672,288
486,Vicente Dutra,4323101,5087,11,0,1,0,0,24,3,,0,1,0,1,0
487,Victor Graeff,4323200,3004,1,0,1,0,0,31,2,,0,0,5,2,1
488,Vila Flores,4323309,3419,0,0,2,0,0,24,1,,0,1,2,0,1
489,Vila Lângaro,4323358,2131,0,0,1,0,0,19,0,,0,0,0,0,0
490,Vila Maria,4323408,4401,4,0,5,0,0,49,4,,0,0,6,7,0
491,Vila Nova do Sul,4323457,3752,5,0,3,0,0,71,1,,0,2,4,2,1
492,Vista Alegre,4323507,2797,3,0,0,0,0,23,1,,0,0,2,0,0
493,Vista Alegre do Prata,4323606,1563,1,0,0,0,0,11,1,,0,0,2,0,0
494,Vista Gaúcha,4323705,2816,0,0,0,1,0,22,0,,0,0,2,0,0
495,Vitória das Missões,4323754,3307,2,0,2,0,0,42,0,,0,1,2,0,0
496,Westfalia,4323770,3157,1,0,2,0,0,24,1,,0,0,1,1,0
497,Xangri-lá,4323804,14215,5,2,51,2,0,843,29,,0,64,93,13,21
