LATITUDE,LONGITUDE,ID,Mun,CodIBGE,Populacao,Delitos Relacionados à Armas e Munições,Delitos relacionados à Corrupção,Estelionato,Extorsão,Extorsão Mediante Sequestro,Furto,Furto de Veículos,Homicídio Doloso,Latrocínio,Posse de Entorpecentes,Roubo,Roubo de Veículos,Tráfico de Entorpecentes,
-31.866483,-54.161467,1, Aceguá, 4300034, 4595, 2, 0, 1, 0, 0, 60, 3, , 0, 0, 1, 0, 0
-28.167228,-52.031004,2, Água Santa, 4300059, 3939, 2, 0, 6, 0, 0, 41, 7, , 0, 0, 2, 2, 0
-29.644743,-53.251458,3, Agudo, 4300109, 16730, 4, 0, 12, 0, 0, 172, 3, , 0, 7, 5, 1, 2
-28.23417,-53.775668,4, Ajuricaba, 4300208, 7461, 7, 0, 4, 0, 0, 58, 7, , 0, 3, 3, 1, 0
-27.657856,-54.764849,5, Alecrim, 4300307, 6610, 5, 0, 1, 0, 0, 95, 3, , 0, 4, 1, 0, 1
-29.790166,-55.794862,6, Alegrete, 4300406, 76860, 52, 1, 61, 3, 0, 821, 18, , 1, 147, 155, 4, 32
-27.834467,-54.055732,7, Alegria, 4300455, 4116, 13, 0, 1, 0, 0, 43, 0, , 0, 0, 0, 0, 0
-28.114942,-52.914209,8, Almirante Tamandaré do Sul, 4300471, 2083, 1, 0, 1, 0, 0, 8, 1, , 0, 0, 2, 1, 1
-27.250159,-53.034127,9, Alpestre, 4300505, 7515, 9, 0, 0, 0, 0, 50, 2, , 0, 1, 12, 0, 0
-28.776865,-52.989255,10, Alto Alegre, 4300554, 1809, 2, 0, 0, 0, 0, 17, 0, , 0, 1, 0, 0, 0
-29.391928,-51.312278,11, Alto Feliz, 4300570, 3078, 0, 0, 2, 0, 0, 7, 0, , 0, 1, 1, 0, 0
-29.9914,-51.080857,12, Alvorada, 4300604, 211082, 105, 3, 203, 5, 0, 1782, 557, , 4, 101, 3947, 652, 177
-30.875579,-52.250951,13, Amaral Ferrador, 4300638, 6344, 3, 0, 4, 0, 0, 40, 2, , 0, 0, 4, 0, 0
-27.360656,-53.183005,14, Ametista do Sul, 4300646, 7346, 3, 0, 4, 0, 0, 119, 9, , 0, 1, 2, 0, 0
-28.628294,-51.579729,15, André da Rocha, 4300661, 1214, 4, 0, 0, 0, 0, 21, 1, , 0, 0, 2, 0, 0
-28.969772,-52.010191,16, Anta Gorda, 4300703, 6548, 4, 0, 5, 0, 0, 42, 5, , 0, 0, 2, 0, 0
-28.856544,-51.288263,17, Antônio Prado, 4300802, 13025, 3, 0, 15, 0, 0, 139, 9, , 0, 15, 14, 1, 7
-30.909248,-51.504586,18, Arambaré, 4300851, 3891, 3, 0, 0, 0, 0, 167, 2, , 0, 7, 2, 0, 1
-29.616832,-50.929128,19, Araricá, 4300877, 5770, 7, 0, 7, 1, 0, 67, 1, , 1, 7, 15, 8, 3
-27.397787,-52.297461,20, Aratiba, 4300901, 6618, 5, 1, 3, 0, 0, 31, 1, , 0, 3, 0, 0, 0
-29.401353,-51.955735,21, Arroio do Meio, 4301008, 20880, 6, 0, 37, 2, 0, 217, 22, , 0, 30, 34, 6, 11
-31.438942,-52.424598,22, Arroio do Padre, 4301073, 2674, 1, 0, 0, 0, 0, 8, 0, , 0, 0, 0, 0, 0
-29.543872,-49.889537,23, Arroio do Sal, 4301057, 9479, 8, 0, 13, 0, 0, 467, 21, , 0, 19, 32, 1, 16
-29.334829,-53.096627,24, Arroio do Tigre, 4301206, 12843, 13, 0, 11, 1, 0, 171, 10, , 0, 1, 11, 1, 3
-30.087545,-51.727479,25, Arroio dos Ratos, 4301107, 14198, 10, 1, 12, 0, 0, 138, 18, , 0, 7, 28, 5, 14
-32.232657,-53.086155,26, Arroio Grande, 4301305, 18439, 10, 0, 16, 0, 0, 321, 8, , 1, 36, 12, 0, 25
-28.87369,-52.17808,27, Arvorezinha, 4301404, 10231, 7, 4, 0, 1, 0, 134, 5, , 0, 5, 7, 0, 2
-28.517249,-53.988292,28, Augusto Pestana, 4301503, 7351, 1, 0, 8, 0, 0, 70, 1, , 0, 4, 3, 0, 0
-27.693586,-52.050506,29, Áurea, 4301552, 3629, 3, 0, 2, 0, 0, 28, 0, , 0, 1, 0, 0, 1
-31.32965,-54.09992,30, Bagé, 4301602, 122695, 61, 2, 66, 1, 0, 1783, 146, , 2, 138, 380, 5, 104
-30.241938,-50.233655,31, Balneário Pinhal, 4301636, 12405, 25, 0, 18, 1, 0, 510, 20, , 1, 20, 87, 15, 30
-29.372474,-51.494908,32, Barão, 4301651, 6395, 2, 0, 4, 0, 0, 41, 2, , 0, 1, 7, 5, 0
-27.620785,-52.37982,33, Barão de Cotegipe, 4301701, 6955, 7, 1, 4, 1, 0, 70, 1, , 0, 4, 6, 2, 1
-30.389072,-51.738441,34, Barão do Triunfo, 4301750, 6713, 10, 0, 1, 0, 0, 46, 6, , 0, 0, 5, 3, 0
-27.192672,-53.710867,35, Barra do Guarita, 4301859, 3237, 3, 0, 0, 0, 0, 25, 1, , 0, 0, 2, 1, 0
-30.202859,-57.549722,36, Barra do Quaraí, 4301875, 3808, 2, 0, 3, 0, 0, 90, 4, , 0, 1, 5, 1, 2
-30.293884,-51.301358,37, Barra do Ribeiro, 4301909, 13179, 6, 0, 22, 1, 0, 202, 7, , 1, 7, 63, 5, 10
-27.406855,-52.408375,38, Barra do Rio Azul, 4301925, 1750, 0, 0, 0, 0, 0, 8, 0, , 0, 0, 0, 0, 0
-27.920467,-53.039067,39, Barra Funda, 4301958, 2677, 0, 0, 0, 0, 0, 10, 0, , 0, 0, 3, 0, 0
-27.673862,-51.45855,40, Barracão, 4301800, 5124, 8, 0, 4, 0, 0, 59, 3, , 0, 2, 6, 0, 1
-29.094686,-52.583571,41, Barros Cassal, 4302006, 10681, 7, 0, 11, 1, 0, 77, 3, , 0, 1, 7, 1, 8
-27.508565,-52.599504,42, Benjamin Constant do Sul, 4302055, 2359, 1, 0, 0, 0, 0, 12, 0, , 0, 0, 2, 1, 0
-29.166212,-51.516476,43, Bento Gonçalves, 4302105, 117984, 69, 14, 230, 6, 0, 1810, 393, , 1, 91, 639, 95, 83
-27.667123,-53.310168,44, Boa Vista das Missões, 4302154, 2157, 0, 0, 0, 0, 0, 11, 1, , 0, 0, 7, 1, 1
-27.66928,-54.108229,45, Boa Vista do Buricá, 4302204, 6850, 1, 0, 0, 0, 0, 27, 1, , 0, 1, 0, 0, 0
-28.579055,-53.810821,46, Boa Vista do Cadeado, 4302220, 2451, 0, 0, 1, 0, 0, 40, 0, , 0, 0, 1, 0, 0
-28.818456,-53.391034,47, Boa Vista do Incra, 4302238, 2317, 2, 0, 2, 0, 0, 30, 0, , 0, 1, 1, 0, 0
-29.354406,-51.668725,48, Boa Vista do Sul, 4302253, 3045, 0, 0, 0, 0, 0, 22, 2, , 1, 0, 4, 5, 0
-28.669703,-50.429453,49, Bom Jesus, 4302303, 11430, 9, 0, 8, 0, 0, 135, 7, , 0, 14, 21, 2, 16
-29.485634,-51.354763,50, Bom Princípio, 4302352, 13268, 2, 0, 15, 0, 0, 132, 9, , 0, 16, 14, 6, 3
-27.539856,-53.871608,51, Bom Progresso, 4302378, 2333, 3, 0, 0, 0, 0, 15, 1, , 0, 0, 1, 0, 0
-29.607076,-51.945593,52, Bom Retiro do Sul, 4302402, 12548, 6, 0, 2, 0, 0, 144, 2, , 0, 33, 45, 9, 7
-29.30462,-52.428432,53, Boqueirão do Leão, 4302451, 7443, 3, 0, 1, 0, 0, 68, 5, , 0, 0, 3, 0, 0
-28.729089,-54.903507,54, Bossoroca, 4302501, 6333, 6, 0, 2, 0, 0, 66, 3, , 0, 0, 0, 0, 1
-28.365906,-53.771965,55, Bozano, 4302584, 2241, 0, 0, 0, 0, 0, 29, 1, , 0, 1, 0, 0, 0
-27.617348,-53.740514,56, Braga, 4302600, 3597, 7, 0, 0, 0, 0, 45, 2, , 0, 0, 1, 0, 1
-29.550136,-51.594516,57, Brochier, 4302659, 4915, 0, 0, 3, 0, 0, 17, 2, , 0, 0, 4, 0, 0
-30.11792,-51.960057,58, Butiá, 4302709, 21558, 11, 1, 10, 2, 0, 305, 15, , 0, 65, 58, 1, 21
-30.51436,-53.482684,59, Caçapava do Sul, 4302808, 34810, 28, 0, 37, 2, 0, 514, 25, , 1, 42, 40, 1, 15
-29.888295,-54.821998,60, Cacequi, 4302907, 13023, 25, 0, 6, 0, 0, 268, 4, , 0, 22, 10, 0, 13
-30.032988,-52.892756,61, Cachoeira do Sul, 4303004, 86569, 36, 5, 27, 1, 0, 1005, 165, , 0, 158, 152, 8, 120
-29.947222,-51.101606,62, Cachoeirinha, 4303103, 130255, 71, 4, 259, 8, 0, 1737, 280, , 2, 200, 2003, 478, 117
-27.767044,-51.659671,63, Cacique Doble, 4303202, 5181, 1, 0, 2, 0, 0, 28, 1, , 0, 2, 1, 0, 0
-28.290475,-54.645407,64, Caibaté, 4303301, 5002, 8, 0, 6, 0, 0, 38, 2, , 0, 2, 0, 0, 4
-27.279121,-53.42567,65, Caiçara, 4303400, 4629, 6, 0, 0, 0, 0, 53, 0, , 0, 0, 4, 0, 0
-30.848897,-51.80431,66, Camaquã, 4303509, 66297, 45, 36, 89, 4, 0, 1034, 122, , 1, 44, 218, 5, 47
-28.587979,-52.200263,67, Camargo, 4303558, 2704, 5, 0, 0, 0, 0, 12, 2, , 0, 3, 1, 0, 0
-29.047408,-50.146507,68, Cambará do Sul, 4303608, 6595, 11, 1, 4, 0, 0, 80, 3, , 0, 2, 5, 0, 10
-28.792585,-51.094148,69, Campestre da Serra, 4303673, 3307, 3, 1, 1, 0, 1, 35, 1, , 1, 0, 2, 0, 0
-27.988833,-54.841648,70, Campina das Missões, 4303707, 6263, 1, 0, 0, 0, 0, 42, 3, , 1, 0, 2, 0, 0
-27.717426,-52.624808,71, Campinas do Sul, 4303806, 5754, 13, 0, 3, 0, 0, 79, 1, , 0, 4, 12, 1, 0
-29.674694,-51.060601,72, Campo Bom, 4303905, 64320, 23, 0, 64, 5, 0, 801, 283, , 0, 157, 563, 148, 30
-27.6792,-53.805209,73, Campo Novo, 4304002, 5278, 4, 1, 1, 0, 0, 74, 9, , 0, 5, 6, 2, 2
-28.887148,-53.000812,74, Campos Borges, 4304101, 3800, 6, 0, 2, 0, 0, 58, 10, , 0, 3, 5, 2, 0
-29.668391,-52.789495,75, Candelária, 4304200, 31135, 34, 4, 24, 0, 0, 488, 24, , 1, 17, 49, 4, 8
-27.951509,-54.751722,76, Cândido Godói, 4304309, 6721, 2, 0, 3, 0, 0, 22, 2, , 0, 1, 2, 0, 0
-31.551553,-53.677275,77, Candiota, 4304358, 9277, 6, 0, 6, 0, 0, 217, 13, , 0, 4, 3, 0, 3
-29.355993,-50.811921,78, Canela, 4304408, 43803, 22, 1, 62, 2, 0, 962, 50, , 0, 54, 93, 7, 49
-31.39598,-52.678254,79, Canguçu, 4304507, 54348, 45, 0, 16, 3, 0, 474, 27, , 0, 4, 36, 4, 25
-29.912758,-51.185681,80, Canoas, 4304606, 352097, 227, 4, 350, 8, 0, 4763, 951, , 5, 254, 4008, 1121, 342
-29.327124,-52.237436,81, Canudos do Vale, 4304614, 1658, 1, 0, 0, 0, 0, 4, 0, , 0, 0, 2, 0, 0
-28.12544,-51.396093,82, Capão Bonito do Sul, 4304622, 2166, 7, 0, 0, 0, 0, 51, 0, , 0, 1, 1, 0, 0
-29.764242,-50.028243,83, Capão da Canoa, 4304630, 49848, 37, 1, 162, 2, 0, 1253, 147, , 2, 92, 294, 20, 84
-28.931243,-54.555782,84, Capão do Cipó, 4304655, 3188, 5, 0, 2, 0, 0, 27, 2, , 0, 0, 1, 2, 0
-31.75646,-52.488879,85, Capão do Leão, 4304663, 25501, 14, 1, 15, 0, 0, 179, 14, , 0, 3, 42, 6, 18
-29.696088,-51.327998,86, Capela de Santana, 4304689, 11918, 4, 0, 8, 2, 0, 152, 5, , 0, 18, 17, 8, 7
-29.267386,-51.98528,87, Capitão, 4304697, 3183, 1, 1, 2, 0, 0, 21, 2, , 0, 0, 0, 0, 0
-30.138251,-50.515152,88, Capivari do Sul, 4304671, 4214, 5, 0, 0, 1, 0, 46, 3, , 0, 2, 10, 8, 4
-29.786933,-50.431614,89, Caraá, 4304713, 7591, 3, 0, 0, 0, 0, 40, 3, , 0, 2, 5, 0, 0
-28.295844,-52.79326,90, Carazinho, 4304705, 63009, 62, 2, 89, 2, 0, 987, 87, , 0, 41, 229, 35, 26
-29.296949,-51.502847,91, Carlos Barbosa, 4304804, 28744, 8, 0, 23, 0, 0, 337, 25, , 0, 28, 63, 15, 5
-27.716679,-51.912127,92, Carlos Gomes, 4304853, 1488, 7, 0, 1, 0, 0, 12, 0, , 0, 0, 0, 0, 0
-28.560516,-51.981452,93, Casca, 4304903, 8896, 3, 0, 23, 0, 0, 111, 16, , 0, 5, 16, 11, 4
-28.25816,-51.686108,94, Caseiros, 4304952, 3154, 6, 0, 1, 0, 0, 52, 3, , 0, 1, 3, 2, 2
-28.255356,-54.013215,95, Catuípe, 4305009, 9193, 4, 0, 4, 0, 0, 148, 3, , 0, 4, 5, 0, 2
-29.162905,-51.179161,96, Caxias do Sul, 4305108, 475992, 253, 4, 831, 21, 0, 5657, 1832, , 6, 220, 3626, 976, 141
-27.761547,-51.998408,97, Centenário, 4305116, 3020, 2, 0, 0, 0, 0, 3, 0, , 0, 0, 0, 0, 0
-31.841917,-52.800442,98, Cerrito, 4305124, 6124, 3, 0, 0, 0, 0, 85, 1, , 0, 2, 4, 2, 0
-29.656986,-52.94061,99, Cerro Branco, 4305132, 4283, 3, 0, 0, 0, 0, 32, 1, , 0, 0, 2, 0, 0
-27.610621,-53.167233,100, Cerro Grande, 4305157, 2558, 2, 0, 1, 0, 0, 15, 1, , 0, 1, 2, 1, 0
-30.590472,-51.741846,101, Cerro Grande do Sul, 4305173, 10471, 2, 0, 5, 0, 0, 88, 24, , 0, 1, 8, 4, 1
-28.146251,-54.742791,102, Cerro Largo, 4305207, 14201, 6, 0, 8, 0, 0, 99, 13, , 0, 6, 9, 1, 4
-28.055865,-53.066519,103, Chapada, 4305306, 9539, 1, 0, 15, 0, 0, 41, 4, , 0, 0, 4, 0, 1
-29.962478,-51.628872,104, Charqueadas, 4305355, 36958, 16, 3, 16, 1, 1, 283, 15, , 0, 122, 40, 1, 118
-27.949268,-52.015005,105, Charrua, 4305371, 3096, 2, 0, 0, 0, 0, 12, 0, , 0, 0, 1, 1, 0
-27.923017,-53.941871,106, Chiapetta, 4305405, 4152, 8, 0, 5, 0, 0, 42, 8, , 0, 1, 1, 0, 1
-33.68663,-53.459369,107, Chuí, 4305439, 5567, 5, 1, 8, 0, 0, 160, 3, , 0, 4, 29, 0, 0
-30.75041,-51.973659,108, Chuvisca, 4305447, 5084, 6, 0, 0, 0, 0, 44, 2, , 0, 1, 2, 1, 0
-30.160386,-50.233747,109, Cidreira, 4305454, 14465, 10, 1, 32, 2, 0, 454, 42, , 1, 55, 96, 11, 38
-28.341913,-51.874143,110, Ciríaco, 4305504, 4688, 2, 0, 3, 0, 0, 63, 5, , 0, 0, 7, 3, 1
-29.394781,-51.855564,111, Colinas, 4305587, 2884, 0, 0, 1, 0, 0, 18, 4, , 0, 0, 0, 0, 0
-28.525842,-52.99282,112, Colorado, 4305603, 3289, 4, 0, 1, 0, 0, 30, 0, , 0, 1, 0, 1, 0
-28.207533,-53.490545,113, Condor, 4305702, 6458, 3, 0, 5, 0, 0, 81, 1, , 0, 1, 3, 0, 0
-27.731974,-52.993799,114, Constantina, 4305801, 10120, 6, 0, 8, 0, 0, 67, 10, , 0, 2, 5, 0, 2
-29.180163,-52.094158,115, Coqueiro Baixo, 4305835, 1410, 1, 0, 0, 0, 0, 14, 1, , 0, 0, 2, 0, 0
-28.119421,-52.784221,116, Coqueiros do Sul, 4305850, 2351, 0, 0, 0, 0, 0, 29, 1, , 0, 0, 5, 1, 1
-28.392148,-54.068621,117, Coronel Barros, 4305871, 2782, 0, 0, 4, 0, 0, 20, 0, , 0, 0, 3, 0, 0
-27.719699,-53.702164,118, Coronel Bicaco, 4305900, 7374, 9, 0, 1, 0, 0, 128, 8, , 1, 4, 13, 2, 2
-29.269476,-51.684731,119, Coronel Pilar, 4305934, 1560, 0, 0, 0, 0, 0, 8, 0, , 0, 0, 1, 0, 0
-28.989106,-51.697067,120, Cotiporã, 4305959, 3976, 2, 0, 4, 0, 0, 51, 3, , 0, 0, 0, 1, 0
-28.12797,-52.302343,121, Coxilha, 4305975, 2959, 2, 0, 0, 0, 0, 31, 1, , 0, 4, 2, 1, 1
-27.49989,-54.099372,122, Crissiumal, 4306007, 14148, 7, 0, 7, 0, 0, 127, 25, , 0, 3, 7, 1, 2
-31.004634,-52.043618,123, Cristal, 4306056, 7839, 4, 0, 8, 0, 0, 98, 0, , 0, 1, 15, 5, 0
-27.451995,-53.242227,124, Cristal do Sul, 4306072, 2786, 11, 0, 1, 0, 0, 23, 1, , 0, 3, 1, 0, 0
-28.645001,-53.604831,125, Cruz Alta, 4306106, 63389, 146, 5, 103, 3, 0, 1174, 151, , 0, 53, 238, 19, 41
-27.667161,-52.652168,126, Cruzaltense, 4306130, 1926, 4, 1, 0, 0, 0, 13, 0, , 0, 0, 0, 2, 0
-29.514835,-51.992778,127, Cruzeiro do Sul, 4306205, 12708, 4, 1, 14, 0, 0, 114, 12, , 0, 2, 31, 4, 3
-28.384907,-51.848205,128, David Canabarro, 4306304, 4519, 5, 0, 2, 0, 0, 38, 0, , 0, 0, 0, 0, 0
-27.264151,-53.864535,129, Derrubadas, 4306320, 3006, 7, 0, 1, 0, 0, 16, 1, , 0, 0, 1, 0, 0
-28.219036,-55.061709,130, Dezesseis de Novembro, 4306353, 2671, 7, 0, 1, 0, 0, 9, 1, , 0, 0, 1, 0, 0
-29.705393,-54.212241,131, Dilermando de Aguiar, 4306379, 2942, 3, 0, 1, 0, 0, 69, 0, , 0, 0, 3, 0, 0
-29.58356,-51.089776,132, Dois Irmãos, 4306403, 30699, 3, 0, 41, 1, 0, 198, 36, , 1, 15, 40, 14, 5
-27.662103,-53.530413,133, Dois Irmãos das Missões, 4306429, 2074, 3, 0, 1, 0, 0, 9, 0, , 0, 0, 0, 0, 0
-28.983006,-51.839584,134, Dois Lajeados, 4306452, 3321, 1, 0, 3, 1, 0, 35, 4, , 0, 1, 1, 1, 1
-30.700354,-52.102645,135, Dom Feliciano, 4306502, 14487, 7, 0, 6, 0, 0, 84, 5, , 0, 2, 18, 2, 1
-30.97559,-54.66936,136, Dom Pedrito, 4306601, 39109, 19, 3, 52, 0, 0, 428, 22, , 0, 28, 29, 2, 31
-29.363872,-49.853007,137, Dom Pedro de Alcântara, 4306551, 2633, 5, 0, 1, 0, 0, 22, 2, , 0, 0, 4, 2, 1
-29.619507,-53.361737,138, Dona Francisca, 4306700, 3266, 5, 2, 5, 1, 0, 45, 1, , 0, 0, 4, 0, 0
-27.510309,-54.357746,139, Doutor Maurício Cardoso, 4306734, 4999, 0, 0, 0, 0, 0, 27, 1, , 0, 1, 0, 0, 0
-29.083957,-51.997155,140, Doutor Ricardo, 4306759, 1999, 0, 0, 0, 0, 0, 24, 0, , 0, 0, 3, 1, 0
-30.084676,-51.618702,141, Eldorado do Sul, 4306767, 38036, 30, 0, 23, 0, 0, 443, 31, , 1, 51, 324, 51, 70
-29.235141,-51.870282,142, Encantado, 4306809, 21961, 15, 0, 27, 0, 0, 361, 24, , 0, 31, 36, 0, 23
-30.542998,-52.520381,143, Encruzilhada do Sul, 4306908, 24686, 16, 0, 19, 1, 0, 395, 26, , 2, 11, 56, 9, 9
-27.706026,-52.91454,144, Engenho Velho, 4306924, 1534, 0, 0, 0, 0, 0, 8, 0, , 0, 0, 1, 0, 0
-28.368556,-54.268588,145, Entre-ijuís, 4306932, 9370, 8, 0, 9, 0, 0, 135, 3, , 0, 3, 2, 0, 1
-27.529836,-52.734708,146, Entre Rios do Sul, 4306957, 3034, 1, 0, 1, 0, 0, 53, 1, , 0, 0, 5, 0, 0
-27.854386,-52.300486,147, Erebango, 4306973, 3179, 5, 0, 3, 0, 0, 43, 0, , 0, 2, 3, 1, 3
-27.63638,-52.26969,148, Erechim, 4307005, 103916, 130, 5, 157, 8, 0, 1293, 211, , 2, 147, 225, 16, 88
-28.497674,-52.583566,149, Ernestina, 4307054, 3184, 4, 0, 6, 0, 0, 50, 1, , 0, 1, 3, 1, 0
-27.392599,-52.574036,150, Erval Grande, 4307203, 5053, 6, 0, 0, 1, 0, 33, 3, , 2, 2, 17, 3, 0
-27.544314,-53.500501,151, Erval Seco, 4307302, 7648, 7, 0, 5, 0, 0, 71, 3, , 0, 0, 6, 0, 0
-28.051762,-51.19327,152, Esmeralda, 4307401, 3301, 4, 0, 0, 0, 0, 49, 0, , 0, 0, 7, 2, 0
-27.360276,-53.989081,153, Esperança do Sul, 4307450, 3460, 3, 0, 1, 0, 0, 13, 3, , 0, 0, 2, 2, 0
-28.728633,-52.84608,154, Espumoso, 4307500, 15916, 6, 7, 13, 1, 0, 130, 20, , 0, 9, 15, 4, 14
-27.913468,-52.263536,155, Estação, 4307559, 6148, 2, 0, 5, 0, 0, 55, 6, , 0, 2, 3, 0, 1
-29.65354,-51.184339,156, Estância Velha, 4307609, 47325, 10, 0, 41, 1, 0, 476, 77, , 0, 85, 231, 101, 12
-29.851963,-51.184065,157, Esteio, 4307708, 85226, 52, 1, 106, 4, 0, 1353, 206, , 2, 104, 879, 150, 74
-29.500207,-51.949508,158, Estrela, 4307807, 33415, 18, 2, 55, 2, 0, 517, 42, , 0, 67, 104, 9, 25
-29.171269,-53.16387,159, Estrela Velha, 4307815, 3544, 2, 0, 3, 0, 0, 16, 2, , 0, 0, 1, 0, 0
-28.531467,-54.15059,160, Eugênio de Castro, 4307831, 2865, 0, 0, 0, 0, 0, 38, 5, , 0, 1, 1, 0, 0
-28.879386,-51.701425,161, Fagundes Varela, 4307864, 2622, 1, 0, 2, 0, 0, 19, 4, , 0, 0, 0, 0, 0
-29.222689,-51.341853,162, Farroupilha, 4307906, 69535, 28, 1, 94, 3, 0, 1105, 268, , 2, 76, 319, 78, 35
-29.578836,-53.44839,163, Faxinal do Soturno, 4308003, 6621, 3, 0, 2, 0, 0, 74, 1, , 0, 2, 2, 0, 0
-27.42377,-52.678917,164, Faxinalzinho, 4308052, 2740, 5, 0, 0, 1, 0, 21, 0, , 0, 0, 1, 0, 0
-29.588511,-51.821714,165, Fazenda Vilanova, 4308078, 4322, 7, 0, 1, 0, 0, 89, 5, , 0, 11, 19, 4, 1
-29.452703,-51.303186,166, Feliz, 4308102, 13550, 5, 0, 9, 0, 0, 112, 9, , 0, 29, 9, 4, 5
-29.026147,-51.187457,167, Flores da Cunha, 4308201, 29650, 16, 0, 40, 1, 0, 353, 43, , 0, 13, 105, 28, 5
-27.861391,-52.083775,168, Floriano Peixoto, 4308250, 1749, 0, 0, 0, 0, 0, 9, 0, , 0, 0, 0, 0, 0
-28.981655,-52.344455,169, Fontoura Xavier, 4308300, 10514, 15, 0, 8, 1, 0, 135, 8, , 2, 1, 14, 2, 4
-30.003518,-53.495928,170, Formigueiro, 4308409, 6806, 12, 0, 6, 0, 0, 79, 2, , 0, 0, 0, 0, 4
-29.382756,-52.098068,171, Forquetinha, 4308433, 2505, 3, 0, 0, 0, 0, 18, 0, , 0, 1, 0, 1, 0
-28.798596,-53.224906,172, Fortaleza dos Valos, 4308458, 4615, 3, 0, 4, 0, 0, 51, 0, , 0, 0, 2, 0, 0
-27.358644,-53.395824,173, Frederico Westphalen, 4308508, 31199, 26, 0, 47, 1, 0, 360, 17, , 0, 88, 13, 5, 18
-29.258979,-51.535179,174, Garibaldi, 4308607, 33534, 6, 0, 34, 0, 0, 440, 55, , 1, 15, 74, 39, 3
-28.194414,-55.638284,175, Garruchos, 4308656, 2822, 6, 0, 1, 0, 0, 73, 2, , 0, 0, 2, 0, 1
-27.585587,-52.091529,176, Gaurama, 4308706, 5878, 0, 0, 2, 0, 0, 66, 4, , 0, 3, 2, 0, 2
-29.903173,-51.761178,177, General Câmara, 4308805, 8378, 5, 0, 12, 0, 0, 121, 1, , 0, 0, 12, 1, 3
-28.431641,-52.033695,178, Gentil, 4308854, 1956, 3, 0, 0, 0, 0, 16, 2, , 0, 0, 8, 5, 0
-27.891093,-52.229357,179, Getúlio Vargas, 4308904, 17076, 14, 0, 28, 1, 0, 156, 19, , 1, 19, 49, 5, 16
-28.029664,-54.35168,180, Giruá, 4309001, 16965, 10, 0, 15, 0, 0, 216, 14, , 0, 2, 6, 1, 4
-29.879798,-50.773363,181, Glorinha, 4309050, 7471, 5, 0, 16, 0, 0, 122, 7, , 0, 1, 21, 6, 1
-29.373351,-50.876164,182, Gramado, 4309100, 36456, 8, 2, 66, 1, 0, 563, 25, , 0, 54, 38, 6, 15
-27.442895,-52.914861,183, Gramado dos Loureiros, 4309126, 2370, 1, 0, 1, 0, 0, 14, 1, , 0, 1, 1, 1, 0
-29.270571,-52.579491,184, Gramado Xavier, 4309159, 3750, 0, 0, 3, 0, 0, 28, 0, , 0, 1, 0, 0, 0
-29.941319,-50.986891,185, Gravataí, 4309209, 274329, 164, 10, 353, 10, 0, 2986, 534, , 5, 142, 3098, 664, 184
-28.542083,-51.69483,186, Guabiju, 4309258, 1686, 1, 0, 0, 0, 0, 13, 0, , 0, 0, 0, 0, 0
-30.108592,-51.323314,187, Guaíba, 4309308, 100226, 107, 2, 68, 3, 0, 939, 75, , 0, 139, 863, 73, 85
-28.839917,-51.889542,188, Guaporé, 4309407, 25255, 16, 17, 58, 1, 0, 240, 14, , 0, 24, 34, 1, 8
-28.149117,-54.562937,189, Guarani das Missões, 4309506, 8092, 4, 1, 5, 0, 0, 101, 4, , 0, 2, 10, 0, 0
-29.545556,-51.418502,190, Harmonia, 4309555, 4785, 0, 0, 2, 0, 0, 30, 2, , 0, 0, 2, 1, 1
-32.023985,-53.394362,191, Herval, 4307104, 6596, 3, 0, 5, 1, 0, 107, 3, , 0, 2, 0, 0, 1
-29.455239,-52.655314,192, Herveiras, 4309571, 2802, 1, 0, 0, 0, 0, 20, 3, , 0, 0, 5, 0, 0
-27.628238,-54.305336,193, Horizontina, 4309605, 19413, 14, 0, 20, 0, 0, 201, 21, , 0, 29, 9, 0, 7
-31.406721,-53.866702,194, Hulha Negra, 4309654, 6359, 2, 0, 1, 0, 0, 41, 1, , 0, 1, 0, 0, 0
-27.569065,-53.969525,195, Humaitá, 4309704, 4877, 0, 0, 0, 0, 0, 23, 2, , 0, 3, 3, 0, 1
-29.420321,-53.129493,196, Ibarama, 4309753, 4269, 6, 0, 0, 0, 0, 51, 4, , 1, 0, 0, 0, 0
-28.056556,-51.859851,197, Ibiaçá, 4309803, 4823, 4, 0, 4, 0, 0, 67, 4, , 0, 0, 7, 2, 1
-28.374095,-51.63767,198, Ibiraiaras, 4309902, 8184, 3, 0, 4, 0, 0, 84, 5, , 0, 0, 2, 3, 0
-28.624707,-52.515796,199, Ibirapuitã, 4309951, 3860, 6, 0, 2, 0, 0, 46, 4, , 0, 2, 6, 2, 1
-28.630161,-53.096124,200, Ibirubá, 4310009, 20973, 7, 0, 37, 1, 0, 199, 17, , 0, 5, 11, 2, 5
-29.569318,-50.791894,201, Igrejinha, 4310108, 33942, 18, 0, 40, 3, 0, 335, 28, , 2, 74, 87, 23, 31
-28.388048,-53.91996,202, Ijuí, 4310207, 86392, 46, 0, 141, 1, 0, 1003, 75, , 0, 254, 111, 12, 51
-28.92825,-52.125816,203, Ilópolis, 4310306, 4172, 3, 0, 4, 0, 0, 15, 1, , 1, 3, 6, 1, 0
-29.975269,-50.128068,204, Imbé, 4310330, 21478, 21, 1, 60, 3, 0, 772, 52, , 1, 58, 210, 29, 29
-29.350776,-51.774752,205, Imigrante, 4310363, 3175, 0, 0, 0, 0, 0, 21, 1, , 0, 0, 1, 0, 0
-27.835411,-54.18864,206, Independência, 4310405, 6938, 6, 0, 4, 1, 0, 91, 3, , 0, 1, 0, 0, 0
-27.875187,-54.014978,207, Inhacorá, 4310413, 2309, 7, 0, 1, 0, 0, 22, 0, , 0, 0, 0, 0, 0
-28.817098,-51.285931,208, Ipê, 4310439, 6143, 8, 0, 3, 0, 0, 97, 2, , 0, 3, 5, 1, 7
-27.940366,-52.427124,209, Ipiranga do Sul, 4310462, 1908, 5, 0, 1, 0, 0, 25, 1, , 0, 0, 0, 1, 0
-27.19507,-53.254322,210, Iraí, 4310504, 8042, 5, 0, 6, 1, 0, 71, 7, , 0, 14, 7, 1, 8
-29.601285,-53.772494,211, Itaara, 4310538, 5177, 3, 0, 4, 0, 0, 123, 1, , 0, 2, 5, 1, 1
-28.791281,-55.24467,212, Itacurubi, 4310553, 3221, 1, 0, 3, 0, 0, 60, 0, , 0, 0, 1, 0, 0
-28.776844,-52.169283,213, Itapuca, 4310579, 2223, 6, 0, 0, 0, 0, 35, 2, , 0, 0, 4, 2, 0
-29.131051,-56.551478,214, Itaqui, 4310603, 38471, 33, 4, 30, 0, 0, 544, 15, , 0, 40, 106, 9, 28
-29.497386,-50.101571,215, Itati, 4310652, 2728, 2, 0, 1, 0, 0, 13, 2, , 0, 2, 5, 0, 0
-27.384631,-52.453776,216, Itatiba do Sul, 4310702, 3694, 1, 0, 0, 0, 0, 19, 1, , 0, 0, 1, 0, 0
-29.523224,-53.584214,217, Ivorá, 4310751, 2015, 0, 0, 3, 0, 0, 23, 1, , 0, 0, 0, 0, 0
-29.599463,-51.153326,218, Ivoti, 4310801, 22959, 1, 1, 29, 0, 0, 140, 25, , 0, 21, 20, 3, 1
-27.634703,-53.276173,219, Jaboticaba, 4310850, 3971, 3, 0, 4, 0, 0, 23, 7, , 0, 3, 8, 0, 0
-29.040118,-53.065694,220, Jacuizinho, 4310876, 2436, 1, 0, 1, 0, 0, 18, 2, , 0, 0, 0, 0, 0
-27.729135,-52.53724,221, Jacutinga, 4310900, 3483, 1, 0, 1, 0, 0, 23, 1, , 0, 1, 0, 0, 0
-32.560378,-53.377027,222, Jaguarão, 4311007, 28358, 9, 0, 32, 2, 0, 516, 43, , 0, 23, 45, 0, 19
-29.493559,-54.702993,223, Jaguari, 4311106, 10712, 9, 0, 1, 0, 0, 70, 0, , 0, 6, 7, 0, 3
-28.881098,-50.363681,224, Jaquirana, 4311122, 4183, 2, 0, 4, 0, 0, 76, 0, , 0, 2, 5, 0, 2
-29.292234,-54.223711,225, Jari, 4311130, 3454, 1, 0, 0, 0, 0, 34, 0, , 0, 0, 0, 0, 0
-28.643484,-54.114131,226, Jóia, 4311155, 8219, 9, 0, 6, 1, 0, 71, 0, , 0, 0, 2, 0, 1
-29.229855,-53.677168,227, Júlio de Castilhos, 4311205, 19522, 7, 0, 27, 0, 0, 373, 17, , 0, 19, 25, 1, 6
-29.493874,-53.016956,228, Lagoa Bonita do Sul, 4311239, 2712, 0, 0, 1, 0, 0, 14, 3, , 0, 0, 0, 0, 0
-28.567611,-52.861848,229, Lagoa dos Três Cantos, 4311270, 1936, 0, 1, 0, 0, 0, 10, 1, , 0, 0, 1, 0, 1
-28.209335,-51.524815,230, Lagoa Vermelha, 4311304, 28468, 31, 2, 38, 0, 0, 615, 27, , 0, 33, 54, 9, 17
-29.234796,-52.799698,231, Lagoão, 4311254, 5747, 7, 0, 2, 0, 0, 29, 3, , 0, 1, 0, 0, 0
-29.459086,-51.964427,232, Lajeado, 4311403, 81507, 66, 0, 155, 1, 0, 1249, 173, , 1, 71, 353, 80, 62
-27.69131,-53.181811,233, Lajeado do Bugre, 4311429, 2378, 8, 0, 1, 0, 0, 9, 1, , 0, 1, 1, 0, 0
-30.807056,-53.893077,234, Lavras do Sul, 4311502, 7374, 1, 0, 2, 0, 0, 48, 1, , 0, 3, 1, 0, 1
-27.600959,-53.07533,235, Liberato Salzano, 4311601, 5564, 4, 0, 0, 0, 0, 34, 2, , 0, 0, 1, 1, 0
-29.585906,-51.214112,236, Lindolfo Collor, 4311627, 5693, 1, 0, 1, 0, 0, 21, 1, , 0, 3, 4, 2, 2
-29.467929,-51.200297,237, Linha Nova, 4311643, 1775, 0, 0, 0, 0, 0, 6, 0, , 0, 0, 0, 0, 0
-27.566669,-51.666805,239, Machadinho, 4311700, 5778, 2, 1, 5, 0, 0, 53, 2, , 0, 1, 1, 0, 0
-29.213628,-49.931105,240, Mampituba, 4311734, 3043, 0, 0, 0, 0, 0, 19, 0, , 0, 0, 3, 0, 0
-29.585935,-55.484112,241, Manoel Viana, 4311759, 6485, 5, 1, 3, 0, 0, 60, 3, , 0, 0, 1, 0, 3
-29.67983,-50.207859,242, Maquiné, 4311775, 6809, 4, 0, 4, 0, 0, 74, 4, , 0, 2, 16, 4, 2
-29.545715,-51.55732,243, Maratá, 4311791, 2643, 1, 0, 1, 0, 0, 9, 0, , 0, 0, 2, 0, 1
-28.449754,-52.198625,244, Marau, 4311809, 41090, 34, 0, 79, 0, 0, 531, 50, , 0, 31, 58, 24, 10
-27.467622,-51.909503,245, Marcelino Ramos, 4311908, 4938, 0, 0, 5, 0, 0, 48, 1, , 0, 0, 1, 0, 1
-30.353048,-51.580307,246, Mariana Pimentel, 4311981, 4017, 3, 0, 1, 0, 0, 47, 0, , 0, 0, 5, 2, 0
-27.356753,-52.146661,247, Mariano Moro, 4312005, 2086, 5, 0, 0, 0, 0, 25, 0, , 0, 1, 0, 0, 2
-29.331113,-52.097268,248, Marques de Souza, 4312054, 4313, 2, 0, 3, 0, 0, 28, 1, , 0, 1, 2, 0, 0
-29.564893,-54.464105,249, Mata, 4312104, 4665, 3, 0, 6, 0, 0, 75, 3, , 0, 1, 5, 2, 2
-28.280019,-52.193231,250, Mato Castelhano, 4312138, 2609, 5, 0, 2, 0, 0, 47, 1, , 0, 0, 9, 3, 0
-29.528474,-52.12776,251, Mato Leitão, 4312153, 4485, 2, 0, 0, 0, 0, 26, 4, , 0, 0, 9, 1, 0
-28.251988,-54.615862,252, Mato Queimado, 4312179, 1901, 0, 0, 0, 0, 0, 7, 0, , 0, 0, 0, 0, 0
-27.632518,-51.802049,253, Maximiliano de Almeida, 4312203, 4509, 0, 0, 7, 0, 0, 31, 3, , 0, 1, 2, 0, 1
-30.134576,-52.042257,254, Minas do Leão, 4312252, 7804, 3, 0, 1, 0, 0, 162, 4, , 0, 11, 21, 1, 1
-27.49697,-53.689078,255, Miraguaí, 4312302, 5097, 5, 0, 1, 0, 0, 85, 22, , 0, 1, 8, 0, 0
-28.646161,-52.076728,256, Montauri, 4312351, 1612, 0, 0, 0, 0, 0, 4, 0, , 0, 0, 3, 0, 0
-28.680495,-50.783385,257, Monte Alegre dos Campos, 4312377, 3225, 3, 0, 1, 0, 0, 32, 1, , 0, 1, 0, 0, 0
-29.16074,-51.633263,258, Monte Belo do Sul, 4312385, 2704, 4, 0, 3, 0, 0, 31, 1, , 0, 0, 7, 2, 0
-29.682414,-51.467903,259, Montenegro, 4312401, 65094, 38, 0, 62, 1, 0, 865, 60, , 1, 144, 194, 24, 102
-28.696814,-52.699916,260, Mormaço, 4312427, 2857, 1, 0, 2, 0, 0, 29, 3, , 0, 1, 1, 2, 0
-29.357756,-49.932816,261, Morrinhos do Sul, 4312443, 3300, 0, 0, 2, 0, 0, 14, 0, , 0, 0, 3, 0, 1
-31.588737,-52.626064,262, Morro Redondo, 4312450, 6456, 3, 0, 12, 0, 0, 63, 2, , 0, 2, 3, 0, 0
-29.537934,-51.081119,263, Morro Reuter, 4312476, 6166, 1, 0, 7, 0, 0, 41, 3, , 0, 5, 6, 2, 0
-31.10538,-50.916692,264, Mostardas, 4312500, 12583, 10, 0, 20, 1, 0, 246, 6, , 0, 15, 18, 2, 17
-29.163002,-51.871367,265, Muçum, 4312609, 5139, 6, 1, 5, 0, 0, 88, 3, , 0, 6, 8, 2, 1
-28.313183,-51.183593,266, Muitos Capões, 4312617, 3057, 0, 0, 2, 0, 0, 61, 1, , 0, 1, 4, 2, 0
-28.325299,-51.769675,267, Muliterno, 4312625, 1987, 8, 0, 1, 0, 0, 28, 1, , 0, 0, 2, 0, 0
-28.454776,-52.818156,268, Não-Me-Toque, 4312658, 17655, 14, 0, 23, 0, 0, 240, 22, , 0, 5, 23, 2, 8
-28.529842,-52.467629,269, Nicolau Vergueiro, 4312674, 1848, 4, 0, 1, 0, 0, 10, 0, , 0, 0, 1, 9, 0
-27.368918,-52.775564,270, Nonoai, 4312708, 12123, 16, 0, 12, 0, 0, 155, 15, , 0, 10, 13, 3, 2
-28.682231,-52.16308,271, Nova Alvorada, 4312757, 3413, 6, 0, 5, 1, 0, 12, 0, , 0, 0, 5, 2, 1
-28.653741,-51.745802,272, Nova Araçá, 4312807, 4990, 2, 0, 9, 1, 0, 29, 2, , 0, 0, 2, 3, 1
-28.729088,-51.707194,273, Nova Bassano, 4312906, 8648, 4, 0, 9, 0, 0, 101, 10, , 0, 10, 12, 4, 6
-27.9926,-52.978377,274, Nova Boa Vista, 4312955, 2138, 1, 0, 0, 0, 0, 6, 1, , 0, 0, 0, 0, 0
-29.218186,-52.031862,275, Nova Bréscia, 4313003, 3332, 6, 0, 0, 0, 0, 23, 3, , 0, 1, 2, 0, 0
-27.613677,-54.107401,276, Nova Candelária, 4313011, 2904, 4, 0, 1, 0, 0, 7, 1, , 0, 0, 0, 0, 0
-29.406643,-54.829302,277, Nova Esperança do Sul, 4313037, 4995, 5, 0, 2, 0, 0, 42, 1, , 0, 7, 3, 0, 3
-29.580752,-50.905108,278, Nova Hartz, 4313060, 19172, 4, 0, 17, 0, 0, 175, 15, , 0, 29, 43, 6, 12
-29.027509,-51.309752,279, Nova Pádua, 4313086, 2519, 0, 0, 1, 0, 0, 19, 1, , 0, 0, 1, 0, 0
-29.470981,-53.468924,280, Nova Palma, 4313102, 6140, 2, 0, 11, 0, 0, 69, 0, , 0, 0, 1, 1, 0
-29.374112,-51.113552,281, Nova Petrópolis, 4313201, 22052, 2, 2, 26, 1, 0, 186, 7, , 1, 33, 8, 2, 7
-28.779913,-51.611271,282, Nova Prata, 4313300, 25382, 14, 11, 35, 0, 0, 244, 34, , 0, 54, 42, 7, 25
-28.066731,-53.699168,283, Nova Ramada, 4313334, 2475, 3, 0, 2, 0, 0, 17, 2, , 0, 0, 0, 0, 0
-28.988173,-51.409511,284, Nova Roma do Sul, 4313359, 3603, 1, 0, 4, 0, 0, 21, 0, , 0, 2, 3, 0, 0
-29.852474,-51.283736,285, Nova Santa Rita, 4313375, 25633, 12, 1, 23, 0, 0, 408, 46, , 1, 19, 111, 32, 9
-27.9077,-53.110292,286, Novo Barreiro, 4313490, 4065, 2, 0, 3, 0, 0, 28, 4, , 0, 0, 5, 0, 1
-29.733752,-52.94894,287, Novo Cabrais, 4313391, 3588, 2, 0, 1, 0, 0, 25, 3, , 0, 1, 2, 1, 0
-29.687548,-51.132828,288, Novo Hamburgo, 4313409, 243260, 185, 6, 675, 19, 2, 3454, 873, , 2, 311, 2768, 911, 230
-27.576473,-54.503592,289, Novo Machado, 4313425, 3389, 1, 0, 0, 0, 0, 24, 0, , 0, 0, 0, 0, 1
-27.564918,-53.183715,290, Novo Tiradentes, 4313441, 2185, 0, 0, 0, 0, 0, 8, 1, , 0, 0, 0, 0, 0
-27.749049,-53.063941,291, Novo Xingu, 4313466, 1912, 0, 0, 1, 0, 0, 5, 0, , 0, 0, 1, 0, 0
-29.888089,-50.266713,292, Osório, 4313508, 45343, 26, 2, 66, 2, 0, 833, 53, , 0, 88, 165, 18, 70
-27.707516,-51.762988,293, Paim Filho, 4313607, 4021, 8, 0, 0, 0, 0, 30, 1, , 0, 1, 3, 0, 0
-30.253485,-50.510297,294, Palmares do Sul, 4313656, 11697, 5, 0, 20, 3, 0, 289, 6, , 1, 5, 48, 14, 12
-27.900652,-53.313378,295, Palmeira das Missões, 4313706, 35549, 31, 0, 20, 0, 0, 398, 34, , 0, 33, 53, 5, 15
-27.359574,-53.558029,296, Palmitinho, 4313805, 7309, 5, 0, 4, 1, 0, 59, 8, , 0, 0, 4, 0, 0
-28.283328,-53.502261,297, Panambi, 4313904, 42466, 19, 1, 51, 1, 0, 354, 28, , 0, 15, 22, 4, 5
-30.190155,-52.372915,298, Pantano Grande, 4313953, 9927, 7, 0, 3, 0, 0, 140, 5, , 0, 15, 26, 1, 5
-28.596384,-51.789602,299, Paraí, 4314001, 7405, 3, 0, 5, 1, 0, 66, 6, , 0, 4, 8, 6, 0
-29.671705,-53.144034,300, Paraíso do Sul, 4314027, 7573, 4, 0, 1, 1, 0, 33, 2, , 0, 2, 4, 1, 3
-29.636538,-51.3974,301, Pareci Novo, 4314035, 4068, 5, 0, 6, 0, 0, 48, 3, , 0, 2, 6, 5, 3
-29.624257,-50.83118,302, Parobé, 4314050, 54114, 25, 2, 52, 8, 3, 528, 126, , 0, 45, 300, 68, 17
-29.457667,-52.959945,303, Passa Sete, 4314068, 4654, 7, 0, 2, 0, 0, 64, 6, , 0, 0, 1, 1, 3
-29.748041,-52.274758,304, Passo do Sobrado, 4314076, 6150, 6, 0, 3, 1, 0, 78, 3, , 0, 0, 6, 5, 0
-28.257564,-52.409112,305, Passo Fundo, 4314100, 199446, 185, 3, 263, 7, 0, 2296, 597, , 6, 165, 1114, 188, 175
-27.705138,-52.416919,306, Paulo Bento, 4314134, 2062, 2, 0, 2, 0, 0, 28, 2, , 0, 0, 0, 0, 0
-29.548554,-51.733925,307, Paverama, 4314159, 8660, 7, 0, 4, 1, 0, 101, 2, , 0, 1, 20, 3, 2
-31.736539,-53.581437,308, Pedras Altas, 4314175, 2035, 2, 0, 0, 0, 0, 34, 1, , 0, 0, 0, 0, 0
-31.864243,-52.818389,309, Pedro Osório, 4314209, 8191, 4, 0, 9, 0, 0, 190, 3, , 0, 9, 22, 1, 1
-28.428256,-53.657854,310, Pejuçara, 4314308, 3880, 2, 0, 4, 0, 0, 63, 1, , 0, 0, 5, 1, 1
-31.764898,-52.337058,311, Pelotas, 4314407, 343148, 233, 2, 498, 11, 0, 3904, 434, , 10, 235, 3734, 248, 286
-29.446421,-51.136725,312, Picada Café, 4314423, 5428, 1, 0, 0, 0, 0, 28, 1, , 0, 5, 6, 1, 1
-27.508022,-53.208185,313, Pinhal, 4314456, 2509, 2, 0, 3, 0, 0, 67, 7, , 0, 0, 5, 1, 2
-27.875132,-51.167329,314, Pinhal da Serra, 4314464, 2164, 3, 0, 1, 0, 0, 28, 0, , 0, 0, 0, 0, 0
-29.345,-53.320649,315, Pinhal Grande, 4314472, 4257, 3, 0, 4, 0, 0, 38, 2, , 0, 0, 3, 2, 0
-27.210886,-53.608017,316, Pinheirinho do Vale, 4314498, 4513, 5, 0, 1, 0, 0, 12, 0, , 0, 0, 2, 0, 0
-31.57944,-53.379789,317, Pinheiro Machado, 4314506, 12112, 9, 0, 17, 0, 0, 217, 4, , 0, 21, 13, 0, 6
-28.043888,-55.20013,319, Pirapó, 4314555, 2622, 4, 0, 0, 0, 0, 36, 0, , 0, 0, 0, 0, 0
-31.447291,-53.097296,320, Piratini, 4314605, 19182, 9, 0, 16, 1, 0, 291, 19, , 0, 8, 22, 2, 6
-27.329695,-53.05753,321, Planalto, 4314704, 10476, 15, 0, 5, 0, 0, 113, 6, , 0, 5, 9, 2, 0
-29.448097,-51.671938,322, Poço das Antas, 4314753, 2076, 0, 0, 0, 0, 0, 17, 0, , 0, 0, 3, 0, 0
-28.058478,-52.679091,323, Pontão, 4314779, 3887, 4, 0, 1, 0, 0, 46, 4, , 0, 0, 7, 3, 0
-27.658692,-52.484817,324, Ponte Preta, 4314787, 1648, 1, 1, 0, 0, 0, 3, 0, , 0, 0, 1, 0, 0
-29.701533,-51.242895,325, Portão, 4314803, 34087, 25, 1, 52, 2, 0, 378, 54, , 2, 32, 122, 59, 16
-30.031771,-51.206533,326, Porto Alegre, 4314902, 1479277, 1017, 62, 3980, 81, 3, 29611, 3653, , 40, 706, 34825, 8129, 2062
-27.85688,-55.010028,327, Porto Lucena, 4315008, 5141, 7, 0, 6, 0, 0, 39, 1, , 0, 1, 0, 0, 1
-27.579579,-54.665739,328, Porto Mauá, 4315057, 2319, 4, 0, 2, 0, 0, 19, 1, , 0, 2, 2, 0, 0
-27.740504,-54.89937,329, Porto Vera Cruz, 4315073, 1654, 6, 0, 1, 0, 0, 20, 1, , 0, 0, 1, 1, 0
-27.908182,-55.13791,330, Porto Xavier, 4315107, 10579, 15, 1, 3, 1, 0, 135, 7, , 0, 14, 12, 0, 5
-29.173793,-52.213588,331, Pouso Novo, 4315131, 1777, 0, 0, 2, 0, 0, 19, 2, , 0, 0, 1, 1, 0
-29.517549,-51.179798,332, Presidente Lucena, 4315149, 2880, 3, 0, 0, 0, 0, 20, 1, , 0, 1, 1, 0, 0
-29.244147,-52.319721,333, Progresso, 4315156, 5766, 10, 0, 5, 0, 0, 32, 2, , 0, 4, 1, 0, 1
-28.757189,-51.4757,334, Protásio Alves, 4315172, 2147, 4, 0, 2, 0, 0, 16, 0, , 0, 0, 1, 0, 0
-29.004494,-52.156904,335, Putinga, 4315206, 4079, 3, 0, 2, 0, 0, 20, 0, , 0, 0, 2, 0, 0
-30.384033,-56.448254,336, Quaraí, 4315305, 22586, 12, 1, 15, 1, 0, 342, 28, , 0, 9, 26, 0, 12
-27.825684,-52.442417,337, Quatro Irmãos, 4315313, 1672, 4, 0, 0, 0, 0, 24, 0, , 0, 0, 0, 0, 0
-29.350413,-54.078915,338, Quevedos, 4315321, 2628, 1, 0, 0, 0, 0, 18, 0, , 0, 0, 0, 0, 0
-28.746552,-53.101096,339, Quinze de Novembro, 4315354, 4045, 0, 0, 2, 0, 0, 32, 2, , 0, 0, 0, 0, 0
-27.663954,-53.640668,340, Redentora, 4315404, 10559, 8, 0, 2, 0, 0, 81, 12, , 0, 1, 8, 1, 1
-29.116376,-52.077831,341, Relvado, 4315453, 2047, 0, 0, 0, 0, 0, 17, 0, , 0, 0, 0, 0, 0
-27.29728,-52.841749,343, Rio dos Índios, 4315552, 3191, 2, 0, 1, 0, 0, 24, 2, , 0, 0, 6, 0, 0
-32.034875,-52.10705,344, Rio Grande, 4315602, 214532, 178, 3, 253, 10, 1, 3062, 288, , 2, 216, 2580, 69, 144
-29.98803,-52.37113,345, Rio Pardo, 4315701, 38526, 15, 1, 27, 0, 0, 577, 41, , 0, 33, 83, 7, 10
-29.638986,-50.448781,346, Riozinho, 4315750, 4140, 1, 0, 1, 0, 0, 46, 1, , 0, 1, 1, 2, 0
-29.288398,-51.86584,347, Roca Sales, 4315800, 11338, 1, 0, 5, 0, 0, 140, 10, , 0, 4, 17, 3, 3
-27.474203,-53.170583,348, Rodeio Bonito, 4315909, 6078, 3, 0, 2, 1, 0, 54, 9, , 0, 6, 2, 0, 0
-28.256554,-54.81864,349, Rolador, 4315958, 2352, 2, 0, 0, 0, 0, 18, 0, , 0, 0, 2, 0, 0
-29.64624,-50.581937,350, Rolante, 4316006, 21032, 8, 0, 11, 1, 0, 183, 11, , 0, 53, 31, 8, 7
-27.775799,-52.805587,351, Ronda Alta, 4316105, 10092, 6, 0, 5, 0, 0, 85, 8, , 0, 4, 11, 3, 3
-27.831451,-52.908107,352, Rondinha, 4316204, 5562, 2, 0, 3, 0, 0, 37, 5, , 0, 0, 8, 0, 0
-28.129681,-55.026609,353, Roque Gonzales, 4316303, 6779, 2, 0, 2, 0, 0, 70, 3, , 0, 5, 1, 0, 1
-30.251483,-54.922106,354, Rosário do Sul, 4316402, 40448, 32, 2, 28, 0, 0, 529, 26, , 0, 85, 42, 0, 26
-27.708538,-53.135053,355, Sagrada Família, 4316428, 2689, 0, 0, 1, 0, 0, 22, 1, , 0, 0, 4, 0, 0
-28.394081,-53.097006,356, Saldanha Marinho, 4316436, 2923, 0, 0, 2, 0, 0, 22, 0, , 0, 0, 1, 0, 0
-29.095065,-53.213326,357, Salto do Jacuí, 4316451, 11385, 16, 1, 31, 3, 0, 192, 11, , 0, 1, 17, 1, 5
-28.123337,-54.837318,358, Salvador das Missões, 4316477, 2818, 2, 0, 3, 0, 0, 26, 1, , 0, 0, 0, 0, 0
-29.438561,-51.507699,359, Salvador do Sul, 4316501, 7276, 2, 0, 1, 0, 0, 53, 4, , 0, 0, 5, 3, 0
-27.947028,-51.807949,360, Sananduva, 4316600, 15997, 13, 0, 8, 1, 0, 139, 6, , 0, 5, 9, 2, 5
-28.36533,-53.251041,361, Santa Bárbara do Sul, 4316709, 8951, 7, 0, 18, 0, 0, 98, 5, , 0, 3, 9, 1, 0
-28.160861,-51.927934,362, Santa Cecília do Sul, 4316733, 1700, 2, 0, 1, 0, 0, 9, 2, , 0, 0, 1, 0, 0
-29.47474,-52.08426,363, Santa Clara do Sul, 4316758, 6712, 1, 0, 4, 0, 0, 44, 3, , 0, 1, 1, 0, 1
-29.722021,-52.434318,364, Santa Cruz do Sul, 4316808, 128887, 91, 12, 211, 14, 0, 2302, 547, , 3, 77, 460, 62, 97
-30.339283,-54.081719,365, Santa Margarida do Sul, 4316972, 2570, 1, 0, 1, 0, 0, 30, 2, , 1, 0, 1, 1, 0
-29.686817,-53.814946,366, Santa Maria, 4316907, 277229, 225, 15, 670, 8, 0, 4149, 325, , 6, 397, 1976, 53, 202
-29.490163,-50.991917,367, Santa Maria do Herval, 4316956, 6673, 1, 0, 2, 1, 0, 29, 5, , 0, 2, 1, 0, 1
-27.8702,-54.479629,368, Santa Rosa, 4317202, 73977, 61, 3, 79, 9, 0, 899, 50, , 1, 201, 81, 4, 60
-29.165467,-51.735066,369, Santa Tereza, 4317251, 1660, 1, 0, 0, 0, 0, 17, 1, , 0, 0, 3, 1, 0
-33.52498,-53.371692,370, Santa Vitória do Palmar, 4317301, 32326, 11, 1, 37, 3, 0, 858, 43, , 0, 14, 95, 3, 8
-30.869738,-53.109981,371, Santana da Boa Vista, 4317004, 7836, 2, 0, 2, 0, 0, 107, 5, , 0, 4, 7, 0, 1
-30.88772,-55.531467,372, Santana do Livramento, 4317103, 84316, 63, 3, 124, 0, 0, 1236, 105, , 0, 101, 165, 6, 32
-29.189675,-54.866624,373, Santiago, 4317400, 50548, 35, 0, 93, 2, 0, 852, 26, , 2, 135, 65, 0, 130
-28.300128,-54.266781,374, Santo Ângelo, 4317509, 79789, 63, 58, 86, 0, 0, 1669, 110, , 0, 108, 257, 11, 27
-29.826768,-50.517489,375, Santo Antônio da Patrulha, 4317608, 42934, 11, 1, 46, 2, 0, 471, 49, , 0, 40, 109, 24, 24
-28.513977,-55.225077,376, Santo Antônio das Missões, 4317707, 10947, 15, 0, 3, 0, 0, 136, 2, , 0, 9, 6, 1, 3
-28.495554,-52.026701,377, Santo Antônio do Palma, 4317558, 2137, 1, 0, 1, 0, 0, 20, 5, , 0, 0, 4, 0, 0
-28.403046,-52.699233,378, Santo Antônio do Planalto, 4317756, 2106, 0, 0, 0, 0, 0, 10, 1, , 0, 0, 5, 3, 0
-27.852577,-53.777605,379, Santo Augusto, 4317806, 15066, 20, 0, 4, 1, 0, 244, 22, , 0, 16, 22, 0, 3
-27.826259,-54.661963,380, Santo Cristo, 4317905, 14733, 6, 0, 8, 0, 0, 63, 4, , 0, 14, 3, 0, 2
-27.907439,-51.643352,381, Santo Expedito do Sul, 4317954, 2497, 3, 0, 0, 0, 0, 16, 0, , 0, 0, 1, 0, 0
-28.657828,-56.003603,382, São Borja, 4318002, 61940, 32, 3, 83, 1, 0, 894, 38, , 0, 92, 173, 4, 78
-28.531151,-51.88598,383, São Domingos do Sul, 4318051, 2907, 2, 0, 6, 0, 0, 23, 7, , 0, 0, 2, 2, 1
-29.554689,-55.12531,384, São Francisco de Assis, 4318101, 18930, 26, 0, 15, 0, 0, 283, 6, , 0, 17, 7, 0, 4
-29.440366,-50.582796,385, São Francisco de Paula, 4318200, 21568, 10, 2, 23, 0, 0, 338, 15, , 0, 13, 40, 13, 17
-30.333688,-54.321657,386, São Gabriel, 4318309, 61870, 64, 5, 54, 1, 0, 926, 53, , 0, 64, 78, 2, 60
-29.97158,-51.72507,387, São Jerônimo, 4318408, 23254, 8, 2, 10, 0, 0, 308, 20, , 0, 34, 36, 1, 22
-27.819507,-51.825664,388, São João da Urtiga, 4318424, 4780, 4, 0, 6, 0, 0, 25, 6, , 0, 0, 2, 0, 0
-29.619435,-53.44392,389, São João do Polêsine, 4318432, 2683, 2, 0, 3, 0, 0, 30, 1, , 0, 0, 1, 0, 0
-28.498445,-51.706422,390, São Jorge, 4318440, 2640, 1, 0, 0, 0, 0, 8, 0, , 0, 0, 1, 0, 0
-27.778908,-53.122595,391, São José das Missões, 4318457, 2645, 0, 0, 0, 0, 0, 9, 0, , 0, 0, 1, 0, 0
-29.052035,-52.294991,392, São José do Herval, 4318465, 2079, 0, 0, 1, 0, 0, 26, 1, , 0, 1, 1, 0, 2
-29.527962,-51.245048,393, São José do Hortêncio, 4318481, 4382, 1, 0, 2, 0, 0, 21, 1, , 0, 6, 5, 0, 1
-27.725055,-54.127462,394, São José do Inhacorá, 4318499, 2441, 3, 0, 2, 0, 0, 8, 2, , 0, 0, 0, 0, 0
-32.015129,-52.033085,395, São José do Norte, 4318507, 26424, 21, 0, 8, 0, 0, 404, 24, , 1, 31, 79, 0, 15
-27.770679,-51.59662,396, São José do Ouro, 4318606, 7039, 7, 0, 8, 0, 0, 47, 2, , 0, 2, 1, 0, 1
-29.544818,-51.482104,397, São José do Sul, 4318614, 2258, 0, 0, 1, 0, 0, 24, 4, , 0, 0, 3, 0, 0
-28.747589,-50.06772,398, São José dos Ausentes, 4318622, 3560, 1, 0, 0, 0, 0, 12, 0, , 0, 0, 1, 0, 2
-29.754494,-51.149773,399, São Leopoldo, 4318705, 226680, 178, 8, 316, 9, 2, 3030, 708, , 2, 205, 2274, 795, 273
-31.356374,-51.971531,400, São Lourenço do Sul, 4318804, 43618, 20, 0, 28, 0, 0, 409, 28, , 0, 41, 37, 2, 23
-28.412032,-54.955942,401, São Luiz Gonzaga, 4318903, 35895, 45, 0, 48, 1, 0, 910, 39, , 1, 46, 81, 3, 10
-28.967659,-51.069559,402, São Marcos, 4319000, 21601, 11, 1, 25, 0, 0, 262, 15, , 0, 26, 54, 13, 12
-27.711169,-53.969899,403, São Martinho, 4319109, 5871, 4, 0, 4, 0, 0, 39, 2, , 0, 0, 2, 0, 0
-29.539667,-53.859002,404, São Martinho da Serra, 4319125, 3211, 2, 0, 2, 0, 0, 76, 2, , 0, 0, 1, 0, 0
-28.556044,-54.555879,405, São Miguel das Missões, 4319158, 7605, 6, 0, 1, 0, 0, 76, 1, , 0, 2, 3, 1, 2
-28.183365,-55.265441,406, São Nicolau, 4319208, 5437, 13, 0, 2, 0, 0, 117, 2, , 0, 2, 2, 0, 0
-28.019546,-54.940352,407, São Paulo das Missões, 4319307, 5973, 2, 0, 1, 0, 0, 35, 2, , 0, 1, 0, 2, 0
-29.41932,-51.513381,408, São Pedro da Serra, 4319356, 3435, 1, 0, 1, 0, 0, 17, 1, , 0, 5, 4, 0, 0
-27.770568,-53.251298,409, São Pedro das Missões, 4319364, 1895, 2, 1, 1, 0, 0, 14, 1, , 0, 1, 2, 0, 0
-28.12425,-54.892603,410, São Pedro do Butiá, 4319372, 2915, 0, 0, 1, 0, 0, 24, 1, , 0, 0, 1, 0, 0
-29.620163,-54.185516,411, São Pedro do Sul, 4319406, 16508, 9, 1, 16, 0, 0, 289, 7, , 0, 5, 17, 0, 5
-29.588517,-51.37488,412, São Sebastião do Caí, 4319505, 24469, 10, 5, 28, 4, 0, 432, 19, , 1, 103, 65, 21, 39
-30.164289,-53.560296,413, São Sepé, 4319604, 23678, 20, 3, 28, 0, 0, 384, 15, , 0, 11, 61, 2, 11
-27.558284,-52.523714,414, São Valentim, 4319703, 3710, 4, 0, 2, 0, 0, 28, 1, , 0, 3, 0, 0, 0
-29.045056,-51.768356,415, São Valentim do Sul, 4319711, 2499, 1, 0, 1, 0, 0, 30, 1, , 0, 0, 4, 1, 0
-27.790639,-53.936771,416, São Valério do Sul, 4319737, 2795, 7, 0, 0, 0, 0, 23, 0, , 0, 0, 1, 0, 0
-29.372873,-51.367515,417, São Vendelino, 4319752, 2238, 0, 0, 0, 0, 0, 21, 1, , 0, 3, 8, 6, 0
-29.688161,-54.682643,418, São Vicente do Sul, 4319802, 8575, 7, 0, 7, 0, 0, 156, 1, , 0, 5, 7, 0, 3
-29.634885,-51.006446,419, Sapiranga, 4319901, 79271, 43, 0, 67, 0, 0, 893, 235, , 0, 97, 381, 98, 44
-29.827575,-51.144975,420, Sapucaia do Sul, 4320008, 141256, 100, 2, 106, 8, 0, 1556, 398, , 1, 142, 1483, 224, 138
-27.942,-52.923085,421, Sarandi, 4320107, 22666, 20, 0, 19, 1, 0, 207, 16, , 0, 7, 42, 13, 17
-27.482861,-53.402634,422, Seberi, 4320206, 11633, 9, 0, 11, 0, 0, 165, 12, , 0, 2, 26, 0, 2
-27.636739,-53.94929,423, Sede Nova, 4320230, 2991, 2, 0, 1, 0, 0, 16, 0, , 0, 1, 1, 0, 0
-29.352337,-52.976673,424, Segredo, 4320263, 6881, 8, 0, 4, 1, 0, 67, 2, , 0, 0, 4, 1, 0
-28.629435,-52.949768,425, Selbach, 4320305, 5115, 3, 0, 3, 0, 0, 27, 4, , 0, 0, 0, 1, 0
-28.025007,-54.550717,426, Senador Salgado Filho, 4320321, 2894, 0, 1, 0, 0, 0, 18, 1, , 0, 1, 0, 1, 0
-30.610707,-51.586154,427, Sentinela do Sul, 4320354, 5116, 0, 0, 1, 0, 0, 82, 6, , 0, 0, 6, 3, 0
-28.712621,-51.93525,428, Serafina Corrêa, 4320404, 15675, 1, 0, 33, 0, 0, 154, 15, , 0, 26, 15, 1, 5
-29.390428,-52.2685,429, Sério, 4320453, 2083, 1, 0, 0, 0, 0, 17, 1, , 0, 1, 1, 0, 0
-27.979782,-52.25878,430, Sertão, 4320503, 6026, 6, 1, 11, 0, 0, 86, 4, , 0, 0, 6, 0, 2
-30.456183,-51.601694,431, Sertão Santana, 4320552, 5996, 1, 0, 3, 0, 0, 69, 2, , 0, 2, 12, 4, 0
-28.136169,-54.463682,432, Sete de Setembro, 4320578, 2169, 1, 0, 1, 0, 0, 50, 0, , 0, 0, 1, 1, 0
-27.436202,-52.121704,433, Severiano de Almeida, 4320602, 3800, 5, 0, 3, 0, 0, 46, 0, , 0, 0, 1, 0, 0
-29.646741,-53.591018,434, Silveira Martins, 4320651, 2421, 0, 1, 2, 0, 0, 17, 1, , 0, 0, 0, 0, 3
-29.535659,-52.530449,435, Sinimbu, 4320677, 9956, 2, 0, 3, 0, 0, 53, 2, , 0, 0, 8, 0, 0
-29.419439,-53.032625,436, Sobradinho, 4320701, 14819, 12, 0, 18, 0, 0, 409, 10, , 0, 30, 38, 1, 19
-28.830613,-52.513083,437, Soledade, 4320800, 30930, 37, 8, 59, 5, 0, 564, 32, , 3, 63, 61, 8, 97
-29.643041,-51.682292,438, Tabaí, 4320859, 4491, 1, 0, 3, 0, 0, 73, 2, , 0, 1, 7, 4, 0
-28.065237,-52.009665,439, Tapejara, 4320909, 22920, 8, 0, 47, 0, 0, 297, 30, , 0, 5, 19, 5, 6
-28.627729,-52.861253,440, Tapera, 4321006, 10983, 5, 0, 6, 1, 0, 120, 25, , 0, 7, 9, 1, 16
-30.668308,-51.39914,441, Tapes, 4321105, 16876, 16, 0, 17, 1, 0, 422, 14, , 0, 16, 67, 7, 3
-29.650471,-50.775278,442, Taquara, 4321204, 57971, 29, 1, 57, 8, 2, 750, 93, , 2, 60, 255, 104, 43
-29.79433,-51.865346,443, Taquari, 4321303, 27090, 14, 2, 46, 1, 0, 347, 36, , 1, 11, 42, 14, 6
-27.400452,-53.47025,444, Taquaruçu do Sul, 4321329, 3053, 0, 0, 1, 0, 0, 30, 5, , 0, 0, 3, 0, 1
-31.284266,-51.08804,445, Tavares, 4321352, 5430, 6, 2, 5, 0, 0, 81, 5, , 0, 6, 1, 0, 12
-27.371058,-53.758484,446, Tenente Portela, 4321402, 14108, 6, 0, 13, 0, 0, 179, 17, , 0, 6, 17, 0, 3
-29.578199,-50.06439,447, Terra de Areia, 4321436, 10597, 7, 1, 9, 0, 0, 192, 12, , 1, 3, 32, 8, 8
-29.448205,-51.804375,448, Teutônia, 4321451, 31220, 5, 0, 18, 0, 0, 303, 13, , 0, 31, 41, 7, 10
-28.571229,-52.595507,449, Tio Hugo, 4321469, 2924, 2, 0, 2, 0, 0, 36, 0, , 0, 0, 8, 5, 0
-27.402229,-54.081367,450, Tiradentes do Sul, 4321477, 5968, 4, 0, 1, 0, 0, 39, 5, , 0, 1, 4, 0, 1
-29.478246,-54.224398,451, Toropi, 4321493, 2667, 2, 0, 0, 0, 0, 23, 2, , 0, 0, 1, 0, 0
-29.333438,-49.733289,452, Torres, 4321501, 38609, 30, 1, 91, 2, 0, 823, 63, , 0, 115, 169, 18, 79
-29.98414,-50.132187,453, Tramandaí, 4321600, 49262, 41, 1, 141, 4, 0, 1582, 151, , 2, 130, 554, 103, 99
-29.297662,-52.053228,454, Travesseiro, 4321626, 2416, 0, 0, 1, 0, 0, 4, 0, , 0, 0, 0, 0, 0
-27.500273,-52.144753,455, Três Arroios, 4321634, 2839, 2, 0, 4, 0, 0, 13, 3, , 1, 0, 0, 0, 0
-29.448661,-49.927514,456, Três Cachoeiras, 4321667, 10953, 4, 0, 18, 0, 0, 126, 15, , 0, 1, 21, 3, 3
-29.513719,-50.773869,457, Três Coroas, 4321709, 25471, 10, 0, 12, 0, 0, 309, 12, , 0, 37, 50, 6, 10
-27.780037,-54.235709,458, Três de Maio, 4321808, 24616, 13, 0, 32, 0, 0, 291, 11, , 0, 32, 27, 0, 20
-29.53842,-50.070771,459, Três Forquilhas, 4321832, 2855, 0, 0, 0, 0, 0, 16, 2, , 0, 0, 2, 0, 0
-27.613889,-52.843718,460, Três Palmeiras, 4321857, 4769, 2, 0, 1, 0, 0, 39, 7, , 0, 0, 5, 0, 0
-27.455471,-53.929631,461, Três Passos, 4321907, 25400, 28, 0, 22, 1, 0, 359, 41, , 0, 10, 25, 0, 27
-27.523896,-52.895593,462, Trindade do Sul, 4321956, 6250, 10, 0, 4, 0, 0, 67, 11, , 0, 1, 11, 4, 0
-29.929129,-51.707471,463, Triunfo, 4322004, 26238, 20, 0, 19, 0, 1, 420, 21, , 0, 54, 63, 15, 19
-27.657292,-54.44388,464, Tucunduva, 4322103, 6029, 1, 1, 3, 0, 0, 45, 0, , 1, 0, 2, 0, 1
-29.103944,-52.953843,465, Tunas, 4322152, 4074, 5, 0, 1, 0, 0, 18, 0, , 1, 0, 0, 1, 0
-27.924085,-51.538283,466, Tupanci do Sul, 4322186, 1453, 3, 0, 1, 0, 0, 17, 0, , 0, 0, 2, 0, 0
-29.085775,-53.844469,467, Tupanciretã, 4322202, 22435, 6, 1, 16, 0, 0, 364, 9, , 1, 21, 42, 3, 7
-29.477185,-51.417358,468, Tupandi, 4322251, 4630, 0, 0, 6, 0, 0, 18, 1, , 0, 1, 3, 0, 0
-27.759768,-54.481434,469, Tuparendi, 4322301, 8557, 9, 0, 2, 0, 0, 78, 3, , 0, 2, 2, 0, 2
-31.417284,-52.17059,470, Turuçu, 4322327, 3816, 1, 0, 2, 0, 0, 37, 0, , 0, 0, 2, 0, 1
-28.040385,-54.685952,471, Ubiretama, 4322343, 2184, 2, 1, 0, 0, 0, 18, 0, , 0, 0, 4, 0, 0
-28.783285,-52.023783,472, União da Serra, 4322350, 1365, 1, 0, 2, 0, 0, 9, 2, , 1, 0, 6, 0, 0
-29.039953,-55.151731,473, Unistalda, 4322376, 2448, 1, 0, 3, 0, 0, 27, 0, , 0, 1, 0, 0, 0
-29.761436,-57.085287,474, Uruguaiana, 4322400, 126660, 78, 2, 154, 1, 0, 1673, 79, , 1, 125, 740, 14, 151
-28.507868,-50.941791,475, Vacaria, 4322509, 67034, 111, 2, 112, 1, 0, 1405, 91, , 0, 97, 218, 15, 57
-29.596724,-52.683901,476, Vale do Sol, 4322533, 11265, 6, 1, 7, 0, 0, 93, 7, , 0, 1, 5, 1, 0
-29.391944,-51.255859,477, Vale Real, 4322541, 5495, 0, 0, 6, 0, 0, 28, 1, , 0, 2, 8, 1, 0
-29.786445,-52.185747,478, Vale Verde, 4322525, 3446, 1, 0, 2, 0, 0, 33, 4, , 0, 0, 4, 4, 0
-28.475833,-51.844723,479, Vanini, 4322558, 2106, 1, 0, 0, 0, 0, 16, 4, , 0, 0, 2, 0, 0
-29.614306,-52.193159,480, Venâncio Aires, 4322608, 69401, 39, 4, 45, 0, 0, 725, 57, , 0, 174, 158, 15, 60
-29.718435,-52.515176,481, Vera Cruz, 4322707, 25267, 7, 0, 19, 2, 0, 250, 67, , 0, 2, 44, 2, 3
-28.931197,-51.551614,482, Veranópolis, 4322806, 24033, 5, 0, 36, 1, 0, 351, 35, , 0, 34, 39, 6, 13
-29.065506,-51.862495,483, Vespasiano Correa, 4322855, 1879, 0, 0, 0, 0, 0, 14, 0, , 0, 0, 2, 1, 0
-27.571566,-52.021144,484, Viadutos, 4322905, 5267, 7, 0, 0, 0, 0, 67, 2, , 0, 2, 1, 0, 2
-30.081899,-51.019435,485, Viamão, 4323002, 252287, 154, 4, 301, 6, 0, 2487, 438, , 2, 181, 3777, 672, 288
-27.160749,-53.402211,486, Vicente Dutra, 4323101, 5087, 11, 0, 1, 0, 0, 24, 3, , 0, 1, 0, 1, 0
-28.563163,-52.749535,487, Victor Graeff, 4323200, 3004, 1, 0, 1, 0, 0, 31, 2, , 0, 0, 5, 2, 1
-28.859825,-51.550371,488, Vila Flores, 4323309, 3419, 0, 0, 2, 0, 0, 24, 1, , 0, 1, 2, 0, 1
-28.106184,-52.143795,489, Vila Lângaro, 4323358, 2131, 0, 0, 1, 0, 0, 19, 0, , 0, 0, 0, 0, 0
-28.535853,-52.148648,490, Vila Maria, 4323408, 4401, 4, 0, 5, 0, 0, 49, 4, , 0, 0, 6, 7, 0
-30.346131,-53.876041,491, Vila Nova do Sul, 4323457, 3752, 5, 0, 3, 0, 0, 71, 1, , 0, 2, 4, 2, 1
-27.368619,-53.491876,492, Vista Alegre, 4323507, 2797, 3, 0, 0, 0, 0, 23, 1, , 0, 0, 2, 0, 0
-28.805218,-51.79465,493, Vista Alegre do Prata, 4323606, 1563, 1, 0, 0, 0, 0, 11, 1, , 0, 0, 2, 0, 0
-27.290217,-53.697382,494, Vista Gaúcha, 4323705, 2816, 0, 0, 0, 1, 0, 22, 0, , 0, 0, 2, 0, 0
-28.351612,-54.504022,495, Vitória das Missões, 4323754, 3307, 2, 0, 2, 0, 0, 42, 0, , 0, 1, 2, 0, 0
-29.426275,-51.764455,496, Westfalia, 4323770, 3157, 1, 0, 2, 0, 0, 24, 1, , 0, 0, 1, 1, 0
-29.806493,-50.051932,497, Xangri-lá, 4323804, 14215, 5, 2, 51, 2, 0, 843, 29, , 0, 64, 93, 13, 21